,timestamp,accel_x,accel_y,accel_z,gyro_x,gyro_y,gyro_z
0,1696253379894,0.71240234,-0.023742676,0.72161865,-0.953125,-1.25,0.5625
1,1696253379934,0.71240234,-0.037902832,0.7230835,2.671875,1.890625,1.0625
2,1696253379974,0.7163086,-0.05718994,0.69281006,2.28125,3.40625,1.609375
3,1696253380014,0.71533203,-0.04034424,0.69573975,2.5625,1.390625,0.953125
4,1696253380054,0.7224121,-0.05279541,0.72943115,1.3125,-1.921875,0.125
5,1696253380094,0.7368164,-0.062805176,0.7243042,-2.359375,-1.34375,0.640625
6,1696253380134,0.71655273,-0.054748535,0.71698,-3.390625,-0.625,1.234375
7,1696253380174,0.71533203,-0.03668213,0.7262573,-1.03125,-0.828125,-0.234375
8,1696253380214,0.7229004,-0.038635254,0.7279663,1.484375,0.484375,-0.109375
9,1696253380254,0.7116699,-0.03643799,0.7201538,0.671875,0.125,-0.03125
10,1696253380294,0.7163086,-0.047424316,0.71917725,0.203125,0.703125,0.625
11,1696253380334,0.7180176,-0.04083252,0.7189331,-1.8125,-1.203125,0.3125
12,1696253380374,0.72143555,-0.03717041,0.7313843,-1.28125,-0.28125,0.5625
13,1696253380414,0.72631836,-0.04840088,0.72210693,-0.4375,-0.453125,1.546875
14,1696253380454,0.7199707,-0.046936035,0.7057495,-0.4375,1.46875,1.34375
15,1696253380494,0.73657227,-0.042297363,0.71087646,0.84375,2.125,0.59375
16,1696253380534,0.73657227,-0.031311035,0.7106323,-0.296875,0.78125,-0.515625
17,1696253380574,0.72216797,-0.037902832,0.7172241,-0.21875,1.625,0.890625
18,1696253380614,0.7233887,-0.039611816,0.70965576,-1.09375,1.09375,1.21875
19,1696253380654,0.71533203,-0.046691895,0.7050171,-1.015625,-0.75,0.328125
20,1696253380694,0.7248535,-0.040100098,0.7189331,0.75,-1.203125,-0.25
21,1696253380734,0.7380371,-0.035217285,0.70428467,0.859375,-2.203125,-0.21875
22,1696253380774,0.7338867,-0.03277588,0.711853,-0.140625,-1.84375,0.015625
23,1696253380814,0.71972656,-0.039367676,0.7067261,0.15625,-0.34375,0.453125
24,1696253380854,0.7258301,-0.04449463,0.7164917,0.328125,-0.875,0.015625
25,1696253380894,0.73046875,-0.042785645,0.71551514,0.46875,-0.890625,-0.359375
26,1696253380934,0.73046875,-0.03375244,0.7218628,-0.03125,-1.015625,-0.09375
27,1696253380974,0.7285156,-0.04107666,0.711853,0.15625,-0.84375,0.34375
28,1696253381014,0.71850586,-0.051330566,0.6889038,-1.578125,-1.546875,0.265625
29,1696253381054,0.7207031,-0.0154418945,0.7157593,-2.203125,-1.328125,-1.09375
30,1696253381094,0.7233887,-0.046203613,0.73553467,1.875,-0.046875,-0.234375
31,1696253381134,0.7307129,-0.053527832,0.7235718,1.21875,-2.15625,0.046875
32,1696253381174,0.7290039,-0.031555176,0.7177124,-1.203125,-1.28125,-0.453125
33,1696253381214,0.71899414,-0.04156494,0.71673584,-0.921875,-0.328125,0.234375
34,1696253381254,0.72265625,-0.051086426,0.72406006,0.78125,0.8125,0.59375
35,1696253381294,0.72436523,-0.04840088,0.7177124,0.90625,0.328125,0.28125
36,1696253381334,0.72802734,-0.032043457,0.7250366,1.296875,1.203125,0.265625
37,1696253381374,0.7060547,-0.04547119,0.71209717,1.078125,2.09375,1.515625
38,1696253381414,0.74560547,-0.047912598,0.71258545,1.890625,2.09375,1.71875
39,1696253381454,0.7385254,-0.043273926,0.71746826,2.859375,2.171875,0.390625
40,1696253381494,0.7314453,-0.050598145,0.69866943,-1.875,0.96875,0.703125
41,1696253381534,0.73657227,-0.050598145,0.6989136,-0.546875,2.890625,1.265625
42,1696253381574,0.73950195,-0.046936035,0.6976929,0.40625,1.921875,0.3125
43,1696253381614,0.74560547,-0.035705566,0.697937,0.453125,0.859375,0.140625
44,1696253381654,0.7453613,-0.046691895,0.68304443,0.21875,0.65625,0.796875
45,1696253381694,0.74121094,-0.038391113,0.696228,1.125,1.25,0.859375
46,1696253381734,0.74316406,-0.04034424,0.68914795,0.953125,1.15625,0.875
47,1696253381774,0.75561523,-0.037902832,0.6898804,0.234375,1.015625,1.0
48,1696253381814,0.7390137,-0.038391113,0.6798706,-1.921875,0.390625,1.578125
49,1696253381854,0.75,-0.040100098,0.68914795,0.625,1.359375,0.4375
50,1696253381894,0.73828125,-0.051330566,0.6901245,-0.078125,0.296875,-0.15625
51,1696253381934,0.7438965,-0.047180176,0.6901245,0.375,-0.640625,0.03125
52,1696253381974,0.7429199,-0.042297363,0.67840576,-1.453125,-1.53125,0.15625
53,1696253382014,0.75097656,-0.027648926,0.6925659,-1.203125,-0.9375,-0.3125
54,1696253382054,0.7512207,-0.042297363,0.6869507,-1.046875,-1.3125,0.15625
55,1696253382094,0.7426758,-0.035705566,0.69403076,0.265625,-1.40625,0.09375
56,1696253382134,0.74560547,-0.042297363,0.69989014,2.109375,0.421875,-0.109375
57,1696253382174,0.78149414,-0.061828613,0.7201538,2.375,1.25,0.46875
58,1696253382214,0.7536621,-0.054748535,0.70355225,-0.40625,-2.53125,0.140625
59,1696253382254,0.7272949,-0.035217285,0.6732788,-1.265625,-5.5,-1.09375
60,1696253382294,0.7336426,-0.019348145,0.69866943,-1.671875,-3.796875,-1.515625
61,1696253382334,0.7272949,-0.023010254,0.70428467,-1.078125,-1.15625,0.234375
62,1696253382374,0.74194336,-0.045959473,0.7001343,0.203125,-1.703125,0.78125
63,1696253382414,0.73706055,-0.041809082,0.6659546,-2.375,-3.75,0.78125
64,1696253382454,0.732666,-0.019592285,0.68792725,-3.625,-2.296875,1.125
65,1696253382494,0.7128906,-0.024230957,0.684021,1.375,2.515625,3.90625
66,1696253382534,0.72631836,-0.035461426,0.68011475,-1.15625,1.1875,2.03125
67,1696253382574,0.7446289,-0.023742676,0.7074585,2.21875,-0.375,-0.640625
68,1696253382614,0.7668457,-0.05255127,0.69818115,1.25,-0.640625,0.578125
69,1696253382654,0.7578125,-0.022521973,0.71868896,0.546875,-1.5,0.375
70,1696253382694,0.72802734,-0.03253174,0.7123413,-1.34375,-3.921875,-0.03125
71,1696253382734,0.7314453,-0.035217285,0.7111206,-1.703125,-1.65625,0.078125
72,1696253382774,0.7307129,-0.034729004,0.7196655,0.875,-0.1875,-0.375
73,1696253382814,0.7265625,-0.03253174,0.7189331,1.9375,0.34375,-0.453125
74,1696253382854,0.7163086,-0.0256958,0.7106323,-0.484375,-1.625,0.015625
75,1696253382894,0.7182617,-0.01373291,0.70843506,-1.578125,-1.609375,0.28125
76,1696253382934,0.7219238,-0.026184082,0.7116089,-1.296875,-0.8125,0.828125
77,1696253382974,0.732666,-0.04473877,0.72283936,1.0625,-0.03125,0.625
78,1696253383014,0.7294922,-0.046447754,0.701355,-0.265625,-0.09375,0.53125
79,1696253383054,0.74438477,-0.022766113,0.7015991,0.515625,1.15625,0.375
80,1696253383094,0.7446289,-0.03326416,0.697937,0.46875,1.0,1.421875
81,1696253383134,0.7409668,-0.028381348,0.70355225,1.46875,0.796875,0.296875
82,1696253383174,0.7441406,-0.035705566,0.70062256,-0.84375,-0.953125,0.03125
83,1696253383214,0.7324219,-0.027160645,0.70648193,-0.21875,-0.25,0.03125
84,1696253383254,0.7355957,-0.034729004,0.7055054,-0.75,-0.78125,-0.046875
85,1696253383294,0.7277832,-0.0335083,0.7057495,-1.28125,-1.03125,-0.078125
86,1696253383334,0.73413086,-0.0335083,0.713562,-0.46875,-0.34375,-0.078125
87,1696253383374,0.7282715,-0.039855957,0.7177124,-0.859375,-0.4375,0.1875
88,1696253383414,0.7355957,-0.03302002,0.7128296,0.609375,0.875,0.296875
89,1696253383454,0.7429199,-0.034240723,0.69281006,-0.71875,0.09375,0.203125
90,1696253383494,0.7363281,-0.02178955,0.69525146,-0.71875,-0.1875,1.328125
91,1696253383534,0.7453613,-0.015686035,0.7086792,-2.140625,-1.390625,2.265625
92,1696253383574,0.7258301,-0.024719238,0.7025757,-1.828125,-1.546875,0.90625
93,1696253383614,0.7199707,-0.027648926,0.7086792,-0.46875,-2.078125,-0.375
94,1696253383654,0.73168945,-0.026428223,0.7111206,1.28125,-1.421875,-0.3125
95,1696253383694,0.73583984,-0.02545166,0.7067261,0.859375,-0.953125,0.109375
96,1696253383734,0.7314453,-0.02130127,0.70892334,-0.625,-1.078125,-0.140625
97,1696253383774,0.7331543,-0.016906738,0.71258545,1.3125,0.40625,-0.0625
98,1696253383814,0.7390137,-0.028381348,0.7133179,0.9375,2.875,0.890625
99,1696253383854,0.73950195,-0.030334473,0.6893921,0.15625,3.34375,1.171875
100,1696253383894,0.73168945,-0.020568848,0.70355225,-0.546875,1.203125,1.046875
101,1696253383934,0.7294922,-0.03326416,0.7057495,1.171875,0.53125,0.5625
102,1696253383974,0.732666,-0.027404785,0.69329834,0.765625,0.96875,0.375
103,1696253384014,0.73950195,-0.023742676,0.6852417,-1.046875,-0.203125,0.28125
104,1696253384054,0.74658203,-0.015930176,0.6881714,-0.515625,0.09375,-0.265625
105,1696253384094,0.7463379,-0.024719238,0.6911011,-0.5,0.8125,0.171875
106,1696253384134,0.7524414,-0.02520752,0.6930542,-0.703125,0.328125,0.328125
107,1696253384174,0.7438965,-0.024475098,0.701355,-0.46875,-0.46875,0.21875
108,1696253384214,0.7375488,-0.022521973,0.69744873,-0.078125,-1.703125,0.046875
109,1696253384254,0.7351074,-0.020080566,0.69647217,1.28125,-1.0625,0.09375
110,1696253384294,0.7495117,-0.026428223,0.70526123,0.65625,-0.625,0.265625
111,1696253384334,0.7441406,-0.03253174,0.69818115,0.96875,-0.25,0.328125
112,1696253384374,0.7458496,-0.02178955,0.6930542,0.203125,-0.953125,-0.28125
113,1696253384414,0.75024414,-0.022033691,0.69573975,0.546875,-0.5625,0.0625
114,1696253384454,0.7507324,-0.028869629,0.70111084,1.625,0.53125,0.4375
115,1696253384494,0.75097656,-0.024719238,0.7020874,1.21875,0.28125,0.984375
116,1696253384534,0.73583984,-0.02520752,0.68963623,0.96875,-0.75,0.359375
117,1696253384574,0.74438477,-0.02911377,0.68914795,0.421875,-1.625,0.0625
118,1696253384614,0.73999023,-0.024963379,0.6935425,0.140625,-1.25,0.0
119,1696253384654,0.7380371,-0.026184082,0.6991577,-0.078125,-1.359375,-0.109375
120,1696253384694,0.73461914,-0.027893066,0.69989014,-0.5625,-1.0,-0.375
121,1696253384734,0.74658203,-0.030334473,0.7074585,-0.890625,0.1875,-0.375
122,1696253384774,0.74902344,-0.030578613,0.70355225,-0.40625,1.671875,-0.578125
123,1696253384814,0.7519531,-0.03741455,0.70892334,-0.5,2.1875,-0.78125
124,1696253384854,0.75146484,-0.043029785,0.7050171,-1.9375,-1.671875,-1.203125
125,1696253384894,0.7338867,-0.039855957,0.701355,-3.078125,-4.609375,-1.25
126,1696253384934,0.73217773,-0.031066895,0.70233154,-3.53125,-5.515625,0.203125
127,1696253384974,0.7480469,-0.011291504,0.68084717,-2.359375,-0.125,1.875
128,1696253385014,0.7302246,-0.011291504,0.682312,1.828125,1.546875,1.9375
129,1696253385054,0.72753906,-0.023986816,0.6884155,2.515625,-0.4375,1.703125
130,1696253385094,0.7307129,-0.026184082,0.65374756,1.140625,0.03125,1.265625
131,1696253385134,0.7355957,-0.007385254,0.6696167,-0.703125,-2.953125,0.390625
132,1696253385174,0.7421875,-0.00982666,0.72283936,3.515625,-2.25,-0.53125
133,1696253385214,0.7578125,-0.05670166,0.71698,3.96875,-1.28125,0.171875
134,1696253385254,0.75512695,-0.040100098,0.7140503,-2.140625,-1.890625,-0.3125
135,1696253385294,0.7324219,-0.010070801,0.71087646,-3.90625,-2.046875,-0.8125
136,1696253385334,0.7126465,-0.017150879,0.7057495,-2.4375,-0.953125,0.21875
137,1696253385374,0.7155762,-0.03692627,0.713562,0.859375,-0.34375,0.609375
138,1696253385414,0.7155762,-0.042785645,0.7230835,2.34375,-0.703125,-0.40625
139,1696253385454,0.7302246,-0.03643799,0.70965576,0.140625,-0.875,-0.234375
140,1696253385494,0.73657227,-0.020080566,0.70843506,0.71875,0.28125,0.34375
141,1696253385534,0.7272949,-0.023010254,0.69818115,0.140625,-0.3125,1.0625
142,1696253385574,0.73535156,-0.028869629,0.7062378,0.203125,-0.109375,0.203125
143,1696253385614,0.74072266,-0.02178955,0.7111206,-1.1875,-1.140625,-0.109375
144,1696253385654,0.73291016,-0.019104004,0.70843506,-0.640625,-0.90625,0.125
145,1696253385694,0.7294922,-0.034484863,0.7050171,-0.453125,-1.140625,0.109375
146,1696253385734,0.7294922,-0.031555176,0.71014404,-0.453125,-1.34375,-0.234375
147,1696253385774,0.72802734,-0.020324707,0.7123413,-0.65625,-1.046875,0.015625
148,1696253385814,0.72509766,-0.02545166,0.7218628,-0.578125,-1.265625,0.03125
149,1696253385854,0.7272949,-0.026916504,0.711853,-0.515625,-0.4375,0.296875
150,1696253385894,0.72998047,-0.024719238,0.7140503,-1.046875,-1.03125,-0.0625
151,1696253385934,0.732666,-0.022521973,0.7304077,1.96875,1.9375,0.25
152,1696253385974,0.732666,-0.047424316,0.71258545,3.296875,4.328125,0.78125
153,1696253386014,0.720459,-0.018127441,0.68573,0.734375,1.40625,0.796875
154,1696253386054,0.73535156,-0.02130127,0.7028198,1.6875,-0.71875,-0.8125
155,1696253386094,0.7385254,-0.033996582,0.68743896,-0.890625,-1.609375,0.0625
156,1696253386134,0.7404785,-0.027648926,0.6859741,-2.53125,-0.484375,1.4375
157,1696253386174,0.734375,-0.012268066,0.7106323,-2.609375,-1.609375,-0.296875
158,1696253386214,0.736084,-0.031066895,0.71209717,-1.484375,-3.796875,-0.9375
159,1696253386254,0.7446289,-0.028625488,0.70965576,-1.296875,-1.578125,-0.34375
160,1696253386294,0.732666,-0.031066895,0.7111206,-0.3125,-0.09375,0.171875
161,1696253386334,0.7294922,-0.028137207,0.70965576,-0.890625,-0.453125,-0.34375
162,1696253386374,0.7380371,-0.020812988,0.7157593,-1.34375,-1.09375,-0.8125
163,1696253386414,0.7211914,-0.022766113,0.7103882,0.0625,-0.46875,-0.0625
164,1696253386454,0.7324219,-0.020812988,0.7067261,0.234375,-0.421875,0.5
165,1696253386494,0.7216797,-0.016174316,0.7091675,0.40625,0.15625,0.484375
166,1696253386534,0.73706055,-0.030090332,0.7106323,-0.234375,-0.078125,0.359375
167,1696253386574,0.73413086,-0.029846191,0.71551514,-0.1875,-0.28125,0.703125
168,1696253386614,0.7302246,-0.024719238,0.7128296,-0.59375,-0.078125,0.46875
169,1696253386654,0.73095703,-0.017150879,0.7037964,-0.453125,-0.234375,0.0625
170,1696253386694,0.72631836,-0.023010254,0.7081909,0.5625,0.015625,0.265625
171,1696253386734,0.72680664,-0.028625488,0.7123413,1.453125,0.5625,0.203125
172,1696253386774,0.7319336,-0.024719238,0.70770264,0.84375,0.28125,0.015625
173,1696253386814,0.73583984,-0.020324707,0.7033081,0.421875,0.296875,-0.015625
174,1696253386854,0.73583984,-0.027404785,0.70721436,0.34375,0.328125,0.359375
175,1696253386894,0.73095703,-0.026184082,0.70770264,0.234375,0.375,0.328125
176,1696253386934,0.73217773,-0.030334473,0.70477295,0.03125,0.6875,0.375
177,1696253386974,0.7409668,-0.018371582,0.70721436,-0.09375,1.90625,0.421875
178,1696253387014,0.73461914,-0.027404785,0.70843506,0.21875,2.203125,0.390625
179,1696253387054,0.74609375,-0.0256958,0.6898804,-0.609375,0.796875,0.3125
180,1696253387094,0.73828125,-0.023498535,0.6889038,-0.3125,1.3125,0.109375
181,1696253387134,0.7409668,-0.024963379,0.68084717,-0.609375,0.40625,0.625
182,1696253387174,0.7404785,-0.032287598,0.6967163,1.578125,-0.484375,-0.0625
183,1696253387214,0.7492676,-0.02178955,0.701355,1.53125,-0.90625,-0.25
184,1696253387254,0.748291,-0.0154418945,0.6942749,1.015625,-0.265625,0.03125
185,1696253387294,0.7392578,-0.024475098,0.6972046,1.578125,0.75,0.765625
186,1696253387334,0.7453613,-0.0335083,0.6959839,2.859375,0.5,0.71875
187,1696253387374,0.74780273,-0.03692627,0.6871948,1.546875,-0.359375,0.328125
188,1696253387414,0.74731445,-0.02911377,0.6942749,1.203125,0.03125,0.171875
189,1696253387454,0.7434082,-0.030822754,0.6937866,-0.46875,-0.265625,0.3125
190,1696253387494,0.74194336,-0.0335083,0.6967163,0.359375,0.640625,0.484375
191,1696253387534,0.74609375,-0.03375244,0.68914795,-0.28125,0.421875,0.4375
192,1696253387574,0.7475586,-0.03326416,0.68548584,-0.484375,0.34375,0.53125
193,1696253387614,0.75097656,-0.03277588,0.69696045,-0.921875,-0.984375,0.375
194,1696253387654,0.7446289,-0.03277588,0.6884155,-0.3125,-1.265625,0.015625
195,1696253387694,0.75439453,-0.035949707,0.6925659,1.296875,-0.828125,0.140625
196,1696253387734,0.75268555,-0.04058838,0.6835327,0.078125,-1.34375,0.40625
197,1696253387774,0.74780273,-0.024475098,0.68743896,0.78125,0.109375,-0.03125
198,1696253387814,0.74438477,-0.030334473,0.69207764,0.46875,-0.21875,-0.015625
199,1696253387854,0.7524414,-0.03668213,0.69647217,0.953125,0.1875,0.234375
200,1696253387894,0.7434082,-0.028625488,0.68182373,0.34375,-0.984375,0.296875
201,1696253387934,0.74609375,-0.041809082,0.68573,0.234375,-0.59375,0.125
202,1696253387974,0.7492676,-0.037902832,0.69329834,0.03125,0.375,0.390625
203,1696253388014,0.751709,-0.029846191,0.69036865,0.1875,0.890625,0.03125
204,1696253388054,0.74609375,-0.03326416,0.6820679,-0.59375,0.59375,0.421875
205,1696253388094,0.7570801,-0.030578613,0.69281006,-1.09375,0.5,0.359375
206,1696253388134,0.7504883,-0.034484863,0.68304443,-0.46875,0.75,0.28125
207,1696253388174,0.74658203,-0.030090332,0.67596436,-0.421875,-0.375,0.484375
208,1696253388214,0.74731445,-0.035949707,0.67840576,0.171875,-0.6875,0.328125
209,1696253388254,0.7519531,-0.031799316,0.68133545,-0.078125,-0.234375,-0.015625
210,1696253388294,0.7578125,-0.031311035,0.68304443,0.234375,0.078125,0.03125
211,1696253388334,0.74609375,-0.031066895,0.6852417,-0.203125,-0.125,0.203125
212,1696253388374,0.76049805,-0.030822754,0.68133545,0.765625,0.1875,0.328125
213,1696253388414,0.7536621,-0.03643799,0.68133545,0.75,0.0625,0.09375
214,1696253388454,0.75268555,-0.03326416,0.6815796,-0.359375,-0.84375,0.015625
215,1696253388494,0.75390625,-0.035217285,0.6744995,-0.59375,0.125,0.078125
216,1696253388534,0.7565918,-0.03643799,0.6791382,0.109375,0.0,0.5
217,1696253388574,0.75512695,-0.030334473,0.68304443,-0.21875,0.5625,0.15625
218,1696253388614,0.7573242,-0.030090332,0.68133545,-0.609375,0.359375,0.203125
219,1696253388654,0.7578125,-0.039123535,0.6708374,-0.75,0.5,0.421875
220,1696253388694,0.76538086,-0.03765869,0.682312,-1.03125,0.375,0.453125
221,1696253388734,0.7644043,-0.026916504,0.67596436,-2.078125,-0.640625,0.53125
222,1696253388774,0.75390625,-0.02130127,0.66986084,-0.9375,-0.078125,0.515625
223,1696253388814,0.7504883,-0.02911377,0.6845093,0.90625,0.453125,0.59375
224,1696253388854,0.75805664,-0.031066895,0.68426514,0.71875,-0.796875,0.390625
225,1696253388894,0.74975586,-0.024963379,0.67474365,0.109375,-0.359375,0.46875
226,1696253388934,0.7687988,-0.032287598,0.6774292,-1.390625,-0.046875,0.5
227,1696253388974,0.763916,-0.023742676,0.68499756,-0.546875,1.046875,0.421875
228,1696253389014,0.7644043,-0.028625488,0.69281006,-0.640625,1.171875,1.125
229,1696253389054,0.76708984,-0.02935791,0.66448975,-1.03125,1.46875,1.3125
230,1696253389094,0.7651367,-0.026916504,0.6691284,0.640625,2.1875,0.765625
231,1696253389134,0.76586914,-0.023010254,0.66693115,0.046875,0.078125,0.15625
232,1696253389174,0.765625,-0.0256958,0.66693115,-0.609375,-0.890625,0.203125
233,1696253389214,0.76171875,-0.013977051,0.66619873,-0.390625,-0.9375,0.265625
234,1696253389254,0.763916,-0.024719238,0.6696167,-0.671875,-0.03125,0.375
235,1696253389294,0.7644043,-0.022033691,0.66571045,-1.0,-0.828125,0.203125
236,1696253389334,0.76904297,-0.019104004,0.6696167,-0.328125,-0.203125,-0.15625
237,1696253389374,0.7661133,-0.0154418945,0.666687,-0.953125,-0.515625,0.296875
238,1696253389414,0.76831055,-0.024475098,0.6635132,-0.390625,-1.171875,0.15625
239,1696253389454,0.7675781,-0.031311035,0.66815186,-0.515625,-1.125,0.015625
240,1696253389494,0.767334,-0.027648926,0.6727905,0.375,-0.671875,0.296875
241,1696253389534,0.7636719,-0.02154541,0.66278076,0.515625,-0.765625,0.859375
242,1696253389574,0.75341797,-0.018371582,0.6820679,1.46875,0.78125,0.625
243,1696253389614,0.7524414,-0.023010254,0.67889404,-1.59375,0.109375,0.53125
244,1696253389654,0.7685547,-0.009338379,0.666687,-0.140625,-1.140625,0.171875
245,1696253389694,0.7717285,-0.015686035,0.66815186,0.0625,-0.078125,-0.015625
246,1696253389734,0.7607422,-0.022766113,0.65423584,-0.5,-0.34375,0.15625
247,1696253389774,0.7636719,-0.0256958,0.6576538,-0.921875,-1.515625,-0.015625
248,1696253389814,0.77734375,-0.0022583008,0.6930542,3.203125,0.75,-0.40625
249,1696253389854,0.8000488,-0.043518066,0.7196655,8.078125,6.109375,-0.0625
250,1696253389894,0.76220703,-0.061828613,0.6557007,3.859375,-0.375,0.171875
251,1696253389934,0.7211914,-0.031799316,0.62493896,1.359375,-4.390625,-2.140625
252,1696253389974,0.74853516,-0.022521973,0.6430054,4.453125,-7.203125,-3.34375
253,1696253390014,0.7844238,-0.0569458,0.670105,-0.46875,-6.046875,0.265625
254,1696253390054,0.7993164,-0.050842285,0.666687,-4.671875,0.765625,0.875
255,1696253390094,0.74609375,-0.033996582,0.70721436,-3.3125,-2.578125,-1.6875
256,1696253390134,0.72802734,-0.014465332,0.6725464,-0.21875,-4.15625,0.40625
257,1696253390174,0.75390625,-0.024475098,0.64715576,1.3125,1.25,2.421875
258,1696253390214,0.73046875,-0.02545166,0.6547241,-1.0,-2.375,2.390625
259,1696253390254,0.72998047,-0.0115356445,0.68377686,-0.390625,-7.484375,-0.046875
260,1696253390294,0.75927734,-0.06915283,0.7238159,3.421875,-2.53125,-0.078125
261,1696253390334,0.7895508,-0.06304932,0.7062378,0.90625,0.421875,0.515625
262,1696253390374,0.7578125,-0.022521973,0.6859741,-5.171875,-3.359375,-0.40625
263,1696253390414,0.72924805,-0.0076293945,0.68499756,-2.421875,-1.09375,-0.375
264,1696253390454,0.72753906,-0.04473877,0.68255615,2.734375,1.8125,0.46875
265,1696253390494,0.74121094,-0.06329346,0.69158936,3.921875,-1.390625,0.390625
266,1696253390534,0.74975586,-0.03326416,0.7003784,0.125,-2.34375,-0.625
267,1696253390574,0.74560547,-0.038391113,0.6935425,-0.5,-1.9375,0.1875
268,1696253390614,0.73217773,-0.030090332,0.6989136,0.453125,-1.4375,-0.1875
269,1696253390654,0.7385254,-0.04425049,0.7020874,-0.046875,-1.125,0.03125
270,1696253390694,0.7492676,-0.031311035,0.7062378,-1.265625,-0.78125,-0.015625
271,1696253390734,0.73657227,-0.03302002,0.69647217,-2.078125,-1.078125,0.15625
272,1696253390774,0.74243164,-0.043518066,0.6937866,-0.0625,0.125,0.390625
273,1696253390814,0.7468262,-0.04522705,0.6972046,0.71875,0.140625,0.9375
274,1696253390854,0.7319336,-0.043518066,0.6976929,0.609375,-0.25,0.59375
275,1696253390894,0.73168945,-0.03326416,0.70526123,0.125,0.078125,-0.046875
276,1696253390934,0.7348633,-0.032287598,0.6893921,-2.0,-0.0625,0.15625
277,1696253390974,0.73706055,-0.022033691,0.6954956,-1.671875,-0.953125,-0.1875
278,1696253391014,0.76000977,-0.027893066,0.701355,-1.703125,-0.4375,0.109375
279,1696253391054,0.74365234,-0.03717041,0.7074585,-0.0625,0.015625,0.140625
280,1696253391094,0.73779297,-0.03277588,0.697937,0.515625,-0.890625,-0.015625
281,1696253391134,0.7414551,-0.04425049,0.6937866,-0.0625,-0.359375,0.734375
282,1696253391174,0.7373047,-0.03741455,0.69744873,-0.109375,0.40625,0.96875
283,1696253391214,0.7363281,-0.028625488,0.7055054,0.40625,0.203125,0.328125
284,1696253391254,0.74243164,-0.027160645,0.70184326,0.203125,0.59375,0.046875
285,1696253391294,0.7380371,-0.0256958,0.68914795,-1.546875,0.296875,0.4375
286,1696253391334,0.7504883,-0.0335083,0.7033081,0.09375,1.203125,0.578125
287,1696253391374,0.7475586,-0.038146973,0.67889404,-2.921875,0.203125,0.84375
288,1696253391414,0.7624512,-0.032287598,0.6935425,-0.109375,2.546875,0.8125
289,1696253391454,0.751709,-0.03302002,0.6774292,-0.265625,1.765625,0.78125
290,1696253391494,0.7495117,-0.016174316,0.67645264,-0.90625,0.0625,0.109375
291,1696253391534,0.7519531,-0.022766113,0.69085693,-0.578125,0.484375,0.21875
292,1696253391574,0.74853516,-0.028625488,0.6947632,-0.609375,0.359375,0.34375
293,1696253391614,0.75390625,-0.027648926,0.6744995,-1.03125,-0.28125,-0.21875
294,1696253391654,0.75097656,-0.025939941,0.6769409,-0.0625,-1.0,-0.125
295,1696253391694,0.7504883,-0.024230957,0.69158936,0.734375,0.4375,0.109375
296,1696253391734,0.748291,-0.03375244,0.6881714,-0.015625,0.03125,0.515625
297,1696253391774,0.7495117,-0.027404785,0.680603,-0.9375,-1.359375,0.21875
298,1696253391814,0.7519531,-0.02178955,0.6845093,0.109375,-0.234375,0.421875
299,1696253391854,0.74609375,-0.02545166,0.6810913,0.359375,-0.125,0.4375
300,1696253391894,0.75561523,-0.02178955,0.68182373,0.171875,-0.390625,-0.140625
301,1696253391934,0.75561523,-0.020812988,0.68548584,-0.125,-0.28125,0.109375
302,1696253391974,0.7553711,-0.021057129,0.68084717,0.296875,0.125,0.421875
303,1696253392014,0.75097656,-0.031311035,0.68084717,-0.359375,-0.125,0.625
304,1696253392054,0.7524414,-0.028869629,0.69036865,0.0625,-0.328125,0.0
305,1696253392094,0.75634766,-0.024230957,0.6781616,-0.578125,-0.28125,0.1875
306,1696253392134,0.7531738,-0.023254395,0.6786499,-0.15625,-0.078125,0.34375
307,1696253392174,0.7470703,-0.026672363,0.68084717,0.21875,0.125,0.34375
308,1696253392214,0.7548828,-0.02520752,0.68084717,-0.109375,0.46875,0.328125
309,1696253392254,0.7602539,-0.027893066,0.6815796,-0.046875,-0.28125,0.25
310,1696253392294,0.7585449,-0.023254395,0.682312,0.4375,0.015625,0.09375
311,1696253392334,0.75268555,-0.018127441,0.67303467,-0.109375,-0.046875,-0.015625
312,1696253392374,0.7561035,-0.016906738,0.6757202,0.015625,-0.65625,0.3125
313,1696253392414,0.76416016,-0.031555176,0.684021,-1.0625,-0.375,0.171875
314,1696253392454,0.7609863,-0.023986816,0.6793823,-0.296875,-0.46875,-0.296875
315,1696253392494,0.7570801,-0.023010254,0.68133545,-0.078125,-1.3125,0.046875
316,1696253392534,0.75683594,-0.022521973,0.68426514,-0.421875,-0.46875,0.375
317,1696253392574,0.74731445,-0.030822754,0.69085693,-0.140625,0.078125,0.640625
318,1696253392614,0.75683594,-0.020080566,0.67889404,0.0625,-0.6875,-0.046875
319,1696253392654,0.7558594,-0.0068969727,0.6786499,0.109375,0.015625,0.078125
320,1696253392694,0.7546387,-0.02520752,0.67840576,-0.578125,-0.15625,0.546875
321,1696253392734,0.7590332,-0.028869629,0.6715698,-0.71875,-0.15625,0.21875
322,1696253392774,0.76049805,-0.023254395,0.6774292,-0.03125,-0.109375,0.421875
323,1696253392814,0.7680664,-0.023010254,0.6781616,0.71875,0.390625,0.078125
324,1696253392854,0.7663574,-0.02178955,0.6779175,-0.046875,0.1875,0.34375
325,1696253392894,0.7585449,-0.014709473,0.6793823,-0.03125,-0.765625,0.34375
326,1696253392934,0.7519531,-0.022033691,0.68182373,0.15625,-0.5625,0.5625
327,1696253392974,0.75439453,-0.02130127,0.67401123,0.34375,0.265625,0.609375
328,1696253393014,0.7541504,-0.02178955,0.67303467,-0.046875,0.015625,0.546875
329,1696253393054,0.7614746,-0.020324707,0.66522217,-0.25,0.5625,0.125
330,1696253393094,0.7585449,-0.014953613,0.67303467,-0.1875,0.765625,0.4375
331,1696253393134,0.7573242,-0.016906738,0.6737671,-0.765625,-0.1875,0.46875
332,1696253393174,0.76293945,-0.02130127,0.6791382,-0.015625,-0.234375,0.28125
333,1696253393214,0.7729492,-0.02178955,0.6786499,-0.140625,-0.109375,0.109375
334,1696253393254,0.7705078,-0.021057129,0.6679077,-0.53125,-0.0625,0.65625
335,1696253393294,0.76538086,-0.019836426,0.6744995,-0.21875,0.828125,0.578125
336,1696253393334,0.7729492,-0.025939941,0.66937256,-0.328125,0.953125,0.5
337,1696253393374,0.7609863,-0.017150879,0.67230225,0.0,0.3125,0.5625
338,1696253393414,0.7548828,-0.0056762695,0.6637573,0.609375,0.359375,0.390625
339,1696253393454,0.7692871,-0.018127441,0.6664429,0.59375,0.5625,0.46875
340,1696253393494,0.7697754,-0.010803223,0.66204834,0.21875,0.28125,0.328125
341,1696253393534,0.7714844,-0.018615723,0.66619873,0.15625,0.328125,0.078125
342,1696253393574,0.7687988,-0.018371582,0.6625366,-0.6875,-0.578125,0.515625
343,1696253393614,0.7680664,-0.011047363,0.668396,-0.546875,-0.6875,0.375
344,1696253393654,0.7661133,-0.016662598,0.6618042,-0.703125,-0.5625,0.046875
345,1696253393694,0.7619629,-0.014221191,0.6630249,-0.28125,-0.5,0.328125
346,1696253393734,0.77197266,-0.015930176,0.66864014,0.296875,-0.609375,0.3125
347,1696253393774,0.76538086,-0.022521973,0.6713257,-0.03125,-0.4375,0.375
348,1696253393814,0.76660156,-0.023498535,0.66571045,-0.1875,-0.625,-0.171875
349,1696253393854,0.77246094,-0.0068969727,0.6635132,0.203125,-0.3125,0.09375
350,1696253393894,0.76586914,-0.0115356445,0.65667725,0.0,-0.1875,0.375
351,1696253393934,0.77075195,-0.019104004,0.6708374,-0.34375,-0.078125,0.28125
352,1696253393974,0.7741699,-0.024963379,0.65252686,-1.109375,-1.09375,-0.0625
353,1696253394014,0.76171875,-0.015197754,0.66400146,-0.71875,-0.875,-0.25
354,1696253394054,0.75927734,-0.016662598,0.6708374,-1.46875,-0.9375,-0.03125
355,1696253394094,0.76953125,-0.01373291,0.6732788,-0.671875,-0.4375,0.078125
356,1696253394134,0.76464844,-0.012756348,0.6779175,0.453125,-0.09375,-0.078125
357,1696253394174,0.7636719,-0.014465332,0.6600952,-0.453125,-0.359375,-0.015625
358,1696253394214,0.7763672,-0.013000488,0.6659546,-0.15625,0.640625,0.625
359,1696253394254,0.7624512,-0.010314941,0.66326904,-0.203125,1.015625,0.546875
360,1696253394294,0.7709961,-0.018127441,0.6559448,-0.109375,0.328125,0.140625
361,1696253394334,0.77001953,-0.018127441,0.6576538,0.078125,-0.078125,-0.03125
362,1696253394374,0.7722168,-0.009094238,0.66082764,0.125,-0.296875,0.21875
363,1696253394414,0.76416016,-0.006164551,0.66278076,-0.09375,-0.75,0.0625
364,1696253394454,0.7739258,-0.0154418945,0.6618042,-1.046875,-0.34375,0.578125
365,1696253394494,0.76831055,-0.0134887695,0.6598511,-0.5625,-0.296875,0.28125
366,1696253394534,0.7687988,-0.010559082,0.6642456,0.3125,-0.328125,0.0625
367,1696253394574,0.7692871,-0.014221191,0.66448975,0.15625,-0.421875,0.03125
368,1696253394614,0.7661133,-0.003479004,0.65789795,0.171875,-0.34375,0.015625
369,1696253394654,0.76831055,-0.016418457,0.6593628,-0.34375,-0.234375,0.484375
370,1696253394694,0.76953125,-0.016418457,0.6625366,-0.453125,-0.390625,0.4375
371,1696253394734,0.7751465,-0.014953613,0.6637573,0.546875,-0.875,-0.0625
372,1696253394774,0.77075195,-0.006164551,0.6600952,-0.109375,-0.625,0.078125
373,1696253394814,0.76904297,-0.01373291,0.66400146,0.328125,-0.640625,0.3125
374,1696253394854,0.7531738,-0.0134887695,0.6664429,-0.109375,-1.078125,0.203125
375,1696253394894,0.7697754,-0.0115356445,0.6664429,-0.109375,-0.96875,-0.140625
376,1696253394934,0.763916,-0.004211426,0.66448975,1.421875,-0.640625,-0.046875
377,1696253394974,0.7854004,-0.019592285,0.6954956,4.703125,0.6875,0.5625
378,1696253395014,0.76831055,-0.046936035,0.6625366,2.21875,-6.90625,0.25
379,1696253395054,0.71533203,0.004333496,0.66986084,2.109375,-5.5,-2.5
380,1696253395094,0.7792969,-0.030822754,0.70184326,3.59375,-2.328125,-2.125
381,1696253395134,0.77734375,-0.022766113,0.68011475,1.03125,-1.296875,1.9375
382,1696253395174,0.7558594,-0.047424316,0.666687,1.796875,1.828125,0.859375
383,1696253395214,0.7741699,-0.02178955,0.65008545,0.640625,-0.5,0.234375
384,1696253395254,0.74243164,-0.03253174,0.66156006,2.28125,0.8125,2.796875
385,1696253395294,0.7404785,-0.0178833,0.635437,0.859375,-2.09375,1.6875
386,1696253395334,0.74780273,0.00091552734,0.6671753,1.40625,-2.625,-0.90625
387,1696253395374,0.76782227,-0.04449463,0.69573975,2.09375,-1.421875,-0.09375
388,1696253395414,0.7885742,-0.059631348,0.69451904,-0.390625,-0.15625,0.96875
389,1696253395454,0.7770996,-0.026428223,0.67401123,-4.984375,-2.859375,-0.40625
390,1696253395494,0.7421875,0.0016479492,0.67718506,-3.375,-3.1875,-0.578125
391,1696253395534,0.74365234,-0.022766113,0.67303467,-0.578125,-1.4375,0.65625
392,1696253395574,0.7404785,-0.038391113,0.6959839,1.03125,-1.984375,-0.0625
393,1696253395614,0.7487793,-0.03741455,0.70526123,0.734375,-0.578125,-0.1875
394,1696253395654,0.74902344,-0.031066895,0.6725464,0.671875,-0.109375,0.265625
395,1696253395694,0.76464844,-0.015197754,0.6803589,1.5625,0.765625,-0.234375
396,1696253395734,0.7392578,-0.027404785,0.6935425,1.25,1.75,0.65625
397,1696253395774,0.7536621,-0.031555176,0.6954956,-0.3125,-0.65625,0.109375
398,1696253395814,0.7663574,-0.025939941,0.67962646,0.046875,-0.84375,-0.0625
399,1696253395854,0.7529297,-0.025939941,0.6703491,-0.125,-0.78125,0.546875
400,1696253395894,0.7529297,-0.035705566,0.67718506,-0.421875,-0.203125,0.53125
401,1696253395934,0.7487793,-0.027648926,0.68865967,-0.546875,-0.9375,-0.0625
402,1696253395974,0.75097656,-0.040100098,0.682312,0.15625,-0.390625,-0.40625
403,1696253396014,0.7519531,-0.02545166,0.6898804,-0.515625,-0.703125,-0.46875
404,1696253396054,0.75219727,-0.022766113,0.68670654,-0.859375,-0.5625,0.0625
405,1696253396094,0.7446289,-0.022277832,0.69866943,-0.125,-0.140625,0.34375
406,1696253396134,0.7504883,-0.031066895,0.68792725,-0.421875,-0.09375,0.53125
407,1696253396174,0.7541504,-0.030334473,0.67645264,-0.984375,-0.4375,0.71875
408,1696253396214,0.7531738,-0.0256958,0.67718506,-1.09375,-0.90625,0.734375
409,1696253396254,0.7404785,-0.0256958,0.68670654,-0.1875,-0.40625,0.515625
410,1696253396294,0.7480469,-0.02520752,0.6906128,0.671875,0.203125,0.171875
411,1696253396334,0.7648926,-0.024230957,0.6757202,-0.03125,-0.921875,-0.1875
412,1696253396374,0.75634766,-0.019348145,0.6769409,0.0625,-0.59375,0.0
413,1696253396414,0.7595215,-0.02178955,0.67474365,-0.171875,-0.640625,0.0
414,1696253396454,0.7536621,-0.022766113,0.6935425,-0.25,-0.15625,0.015625
415,1696253396494,0.7438965,-0.026184082,0.68182373,-0.375,-0.6875,0.1875
416,1696253396534,0.7487793,-0.01763916,0.68743896,-1.46875,-1.078125,0.171875
417,1696253396574,0.7429199,-0.020568848,0.68133545,-1.21875,-0.46875,-0.125
418,1696253396614,0.7531738,-0.026428223,0.69207764,-1.15625,-0.09375,-0.125
419,1696253396654,0.75439453,-0.022766113,0.6925659,-1.421875,0.5625,0.109375
420,1696253396694,0.7626953,-0.02520752,0.6803589,-1.90625,0.453125,0.3125
421,1696253396734,0.75219727,-0.031066895,0.6774292,-1.1875,1.53125,0.421875
422,1696253396774,0.76416016,-0.022277832,0.6708374,-1.859375,1.421875,0.671875
423,1696253396814,0.75146484,-0.00982666,0.6720581,-1.734375,0.65625,0.53125
424,1696253396854,0.75512695,-0.022277832,0.6798706,0.390625,0.828125,0.265625
425,1696253396894,0.76660156,-0.028381348,0.6696167,1.59375,0.0625,0.171875
426,1696253396934,0.7631836,-0.01373291,0.6810913,2.296875,0.734375,-0.140625
427,1696253396974,0.7624512,-0.020568848,0.68255615,-0.625,-0.59375,0.5
428,1696253397014,0.76464844,-0.01373291,0.66156006,-2.359375,-0.109375,0.625
429,1696253397054,0.75024414,-0.014221191,0.6732788,-0.109375,0.234375,0.46875
430,1696253397094,0.7570801,-0.022521973,0.66937256,-0.265625,-0.078125,0.171875
431,1696253397134,0.7626953,-0.02154541,0.6664429,0.5,0.0,-0.234375
432,1696253397174,0.7685547,-0.0154418945,0.67108154,-0.140625,-0.8125,0.09375
433,1696253397214,0.76660156,-0.024719238,0.6766968,0.453125,-0.234375,0.203125
434,1696253397254,0.763916,-0.022521973,0.68011475,0.453125,0.265625,-0.15625
435,1696253397294,0.7705078,-0.018127441,0.6598511,-0.859375,-0.171875,0.078125
436,1696253397334,0.7651367,-0.014709473,0.6635132,0.1875,0.609375,0.21875
437,1696253397374,0.76123047,-0.013244629,0.6630249,-0.109375,-0.390625,0.625
438,1696253397414,0.76293945,-0.02545166,0.6671753,-0.25,-0.453125,0.328125
439,1696253397454,0.7661133,-0.015930176,0.66937256,-0.40625,-0.796875,-0.046875
440,1696253397494,0.7607422,-0.0068969727,0.66278076,0.078125,-0.625,-0.296875
441,1696253397534,0.7626953,-0.013244629,0.6635132,-0.5,-1.640625,-0.203125
442,1696253397574,0.77490234,-0.018859863,0.70111084,1.796875,1.625,-0.1875
443,1696253397614,0.77319336,-0.027893066,0.6976929,3.40625,2.75,-0.53125
444,1696253397654,0.7722168,-0.03692627,0.64959717,2.734375,-1.390625,-1.71875
445,1696253397694,0.7619629,-0.029846191,0.684021,5.0625,0.234375,-2.4375
446,1696253397734,0.7519531,-0.033996582,0.7067261,8.0625,2.265625,-0.265625
447,1696253397774,0.7800293,-0.05206299,0.65496826,2.546875,-2.84375,1.546875
448,1696253397814,0.76171875,-0.034973145,0.61053467,-1.65625,-1.0,1.953125
449,1696253397854,0.77001953,-0.026184082,0.63494873,2.65625,0.5625,2.078125
450,1696253397894,0.7597656,-0.03643799,0.61102295,1.890625,-2.0625,1.203125
451,1696253397934,0.7541504,-0.022277832,0.6466675,-2.078125,-5.0625,0.140625
452,1696253397974,0.7663574,-0.050354004,0.6923218,0.8125,-1.265625,0.671875
453,1696253398014,0.7956543,-0.051818848,0.69329834,0.046875,-0.21875,0.234375
454,1696253398054,0.77197266,-0.0335083,0.6559448,-5.59375,-4.375,-1.0625
455,1696253398094,0.74780273,0.0067749023,0.6810913,-4.4375,-4.296875,-1.125
456,1696253398134,0.7312012,-0.02130127,0.6781616,-0.78125,-0.984375,0.625
457,1696253398174,0.7463379,-0.054260254,0.7111206,1.1875,-1.53125,-0.0625
458,1696253398214,0.74487305,-0.06011963,0.69158936,-0.390625,-2.1875,-0.171875
459,1696253398254,0.7487793,-0.020080566,0.6725464,0.578125,-0.625,-1.03125
460,1696253398294,0.7512207,-0.02178955,0.682312,2.4375,0.71875,0.09375
461,1696253398334,0.75683594,-0.04547119,0.68011475,1.3125,0.515625,0.84375
462,1696253398374,0.7631836,-0.03326416,0.6884155,-0.25,-0.265625,0.296875
463,1696253398414,0.76293945,-0.03375244,0.6732788,-0.59375,-0.15625,0.34375
464,1696253398454,0.7607422,-0.035705566,0.6766968,-0.078125,-0.609375,0.375
465,1696253398494,0.75341797,-0.03717041,0.67474365,-0.34375,-1.03125,0.296875
466,1696253398534,0.7531738,-0.034484863,0.69036865,-0.25,-0.765625,0.015625
467,1696253398574,0.7565918,-0.02935791,0.7055054,-0.734375,-1.0,-0.390625
468,1696253398614,0.751709,-0.039611816,0.68182373,-1.875,-1.28125,-0.015625
469,1696253398654,0.74487305,-0.022033691,0.67303467,-2.109375,0.6875,0.5
470,1696253398694,0.75341797,-0.028869629,0.6959839,-0.359375,1.984375,0.78125
471,1696253398734,0.7541504,-0.039855957,0.6769409,-1.34375,0.59375,0.703125
472,1696253398774,0.76000977,-0.034240723,0.66278076,-0.234375,0.171875,0.296875
473,1696253398814,0.75024414,-0.024230957,0.65545654,-0.640625,-0.171875,0.40625
474,1696253398854,0.7597656,-0.016662598,0.6720581,-0.8125,1.015625,-0.046875
475,1696253398894,0.76464844,-0.02935791,0.6828003,-1.203125,-0.359375,0.03125
476,1696253398934,0.77246094,-0.036193848,0.697937,0.625,0.140625,-0.9375
477,1696253398974,0.75756836,-0.012756348,0.68255615,-1.296875,0.3125,-0.671875
478,1696253399014,0.7614746,-0.014953613,0.6703491,-1.234375,-0.96875,-0.640625
479,1696253399054,0.7607422,-0.030334473,0.6864624,-0.109375,-2.5625,-0.671875
480,1696253399094,0.7402344,-0.045715332,0.6781616,-1.171875,-1.078125,-0.296875
481,1696253399134,0.7519531,-0.04473877,0.6742554,-0.171875,0.359375,0.875
482,1696253399174,0.75390625,-0.027404785,0.6810913,-0.109375,0.75,0.640625
483,1696253399214,0.75439453,-0.020080566,0.66937256,0.15625,0.65625,0.65625
484,1696253399254,0.7602539,-0.028625488,0.67523193,0.65625,-0.484375,0.546875
485,1696253399294,0.7727051,-0.027404785,0.67352295,0.625,0.046875,0.0625
486,1696253399334,0.76831055,-0.030090332,0.6708374,-0.078125,-0.03125,-0.59375
487,1696253399374,0.77246094,-0.026672363,0.67230225,-0.125,0.984375,0.203125
488,1696253399414,0.7609863,-0.02935791,0.66937256,-1.265625,1.734375,1.25
489,1696253399454,0.7553711,-0.029846191,0.6967163,-2.140625,3.171875,1.421875
490,1696253399494,0.7836914,-0.030822754,0.664978,-0.9375,2.453125,0.828125
491,1696253399534,0.77368164,-0.018615723,0.64642334,-0.65625,0.515625,0.15625
492,1696253399574,0.7434082,-0.011291504,0.64764404,2.140625,0.5625,0.5
493,1696253399614,0.7624512,-0.025939941,0.6539917,-0.6875,-0.5,1.078125
494,1696253399654,0.76708984,-0.028381348,0.6522827,-1.0625,1.546875,0.453125
495,1696253399694,0.7902832,-0.027893066,0.66033936,0.171875,-1.03125,-0.171875
496,1696253399734,0.7727051,-0.013977051,0.6486206,-1.921875,-1.6875,0.0625
497,1696253399774,0.7692871,-0.0064086914,0.6654663,-0.046875,-0.609375,-0.109375
498,1696253399814,0.7714844,-0.026428223,0.6744995,-0.75,-1.578125,0.140625
499,1696253399854,0.7739258,-0.022766113,0.65252686,-0.84375,-0.78125,-0.03125
500,1696253399894,0.7685547,-0.023254395,0.6586304,-0.34375,-1.21875,-0.046875
501,1696253399934,0.7570801,-0.020080566,0.66815186,-0.015625,-1.5625,0.453125
502,1696253399974,0.76586914,-0.016174316,0.6647339,0.421875,-0.75,0.015625
503,1696253400014,0.7727051,-0.016418457,0.6732788,-0.03125,-1.0,-0.3125
504,1696253400054,0.7573242,-0.01763916,0.66522217,-0.265625,-0.703125,0.03125
505,1696253400094,0.7626953,-0.018859863,0.6600952,-1.15625,-0.8125,0.046875
506,1696253400134,0.7714844,-0.0154418945,0.6725464,-0.15625,-0.78125,-0.203125
507,1696253400174,0.79296875,-0.022521973,0.6688843,-2.203125,-2.546875,-1.265625
508,1696253400214,0.7573242,-0.0017700195,0.72039795,3.328125,0.71875,-1.703125
509,1696253400254,0.7392578,-0.05328369,0.6913452,7.875,2.078125,0.453125
510,1696253400294,0.7998047,-0.06573486,0.6322632,4.90625,1.796875,0.34375
511,1696253400334,0.76342773,-0.022521973,0.66693115,4.078125,-3.84375,1.21875
512,1696253400374,0.7319336,-0.01763916,0.67767334,3.296875,-5.5,0.0
513,1696253400414,0.77734375,-0.030822754,0.652771,1.640625,-0.015625,1.96875
514,1696253400454,0.7619629,-0.033996582,0.6293335,-0.921875,0.234375,2.28125
515,1696253400494,0.7463379,-0.031311035,0.5961304,1.328125,-2.078125,0.53125
516,1696253400534,0.7319336,0.0060424805,0.638855,0.4375,-5.703125,-1.125
517,1696253400574,0.76049805,-0.04058838,0.70721436,2.59375,-3.75,0.84375
518,1696253400614,0.7988281,-0.09844971,0.7250366,-1.03125,-0.859375,1.328125
519,1696253400654,0.7897949,-0.05206299,0.6898804,-6.90625,-4.234375,-1.0625
520,1696253400694,0.7397461,0.022644043,0.6715698,-4.25,-4.203125,-1.40625
521,1696253400734,0.72314453,-0.013244629,0.67523193,0.078125,-0.921875,0.671875
522,1696253400774,0.7211914,-0.05596924,0.69696045,2.078125,0.21875,1.3125
523,1696253400814,0.74731445,-0.054504395,0.71746826,0.03125,-1.109375,-0.21875
524,1696253400854,0.7397461,-0.034729004,0.6845093,-1.09375,-1.078125,-0.046875
525,1696253400894,0.75219727,-0.010070801,0.68182373,2.3125,0.3125,0.28125
526,1696253400934,0.7561035,-0.02520752,0.69989014,2.5,1.109375,0.796875
527,1696253400974,0.76293945,-0.028625488,0.6947632,-0.15625,0.3125,0.703125
528,1696253401014,0.7595215,-0.034729004,0.6793823,-1.1875,-0.75,-0.140625
529,1696253401054,0.75219727,-0.028381348,0.6613159,-0.703125,-0.09375,-0.046875
530,1696253401094,0.7487793,-0.03326416,0.6762085,-0.796875,0.21875,0.71875
531,1696253401134,0.7553711,-0.037902832,0.6906128,-0.59375,-0.375,0.265625
532,1696253401174,0.7512207,-0.042053223,0.69085693,-0.796875,-0.609375,-0.546875
533,1696253401214,0.74609375,-0.02154541,0.68377686,-0.8125,0.1875,-0.390625
534,1696253401254,0.7426758,-0.022033691,0.6835327,-0.515625,0.1875,0.15625
535,1696253401294,0.7480469,-0.030090332,0.6935425,-1.234375,-0.671875,0.328125
536,1696253401334,0.7512207,-0.0335083,0.6881714,0.171875,-0.40625,0.328125
537,1696253401374,0.75512695,-0.031799316,0.68182373,0.234375,-0.59375,0.25
538,1696253401414,0.7475586,-0.024475098,0.6845093,1.984375,0.578125,0.8125
539,1696253401454,0.74902344,-0.034729004,0.68182373,1.34375,-1.125,0.75
540,1696253401494,0.7585449,-0.03741455,0.68255615,0.84375,-0.34375,0.0625
541,1696253401534,0.7512207,-0.024475098,0.6815796,0.046875,-0.15625,0.09375
542,1696253401574,0.7609863,-0.03326416,0.6786499,-0.390625,-0.578125,0.21875
543,1696253401614,0.7602539,-0.016906738,0.7008667,0.46875,-1.046875,-0.328125
544,1696253401654,0.71875,-0.028137207,0.69696045,1.6875,1.65625,0.46875
545,1696253401694,0.7753906,-0.05670166,0.6654663,-0.359375,0.71875,0.390625
546,1696253401734,0.7685547,-0.03668213,0.66326904,0.140625,-1.375,-1.59375
547,1696253401774,0.7597656,-0.025939941,0.67230225,-1.6875,-2.375,-1.46875
548,1696253401814,0.74243164,-0.031311035,0.68573,-2.03125,-0.796875,0.859375
549,1696253401854,0.73779297,-0.02911377,0.68743896,-1.609375,0.015625,1.1875
550,1696253401894,0.75024414,-0.019836426,0.69281006,0.3125,-0.71875,-0.09375
551,1696253401934,0.76000977,-0.0256958,0.6911011,0.625,0.1875,-0.0625
552,1696253401974,0.76049805,-0.027893066,0.68255615,-1.09375,-0.234375,0.453125
553,1696253402014,0.7519531,-0.0256958,0.6871948,-1.171875,0.84375,0.734375
554,1696253402054,0.76342773,-0.035217285,0.67962646,-0.59375,1.984375,0.4375
555,1696253402094,0.76342773,-0.022521973,0.6654663,-0.65625,1.03125,0.0
556,1696253402134,0.7602539,-0.027893066,0.6732788,-0.21875,0.671875,0.65625
557,1696253402174,0.76171875,-0.024963379,0.6769409,-0.75,0.71875,0.78125
558,1696253402214,0.76220703,-0.022277832,0.6754761,-0.0625,0.328125,0.265625
559,1696253402254,0.7536621,-0.02154541,0.6845093,0.921875,-0.21875,-0.125
560,1696253402294,0.751709,-0.027893066,0.6810913,-0.21875,0.234375,-0.015625
561,1696253402334,0.77001953,-0.027404785,0.66986084,-1.046875,-0.390625,0.15625
562,1696253402374,0.7685547,-0.029846191,0.670105,0.03125,-0.21875,-0.3125
563,1696253402414,0.7541504,-0.027160645,0.67108154,-0.90625,0.0,0.65625
564,1696253402454,0.7636719,-0.015930176,0.66937256,-0.265625,0.125,0.9375
565,1696253402494,0.76000977,-0.024230957,0.66937256,-0.171875,0.078125,0.6875
566,1696253402534,0.763916,-0.012756348,0.6774292,-0.640625,-0.671875,0.1875
567,1696253402574,0.7546387,-0.027160645,0.66986084,-0.140625,0.1875,0.171875
568,1696253402614,0.7609863,-0.022521973,0.66400146,-1.0625,0.078125,-0.0625
569,1696253402654,0.7702637,-0.013000488,0.6688843,-0.265625,0.328125,-0.109375
570,1696253402694,0.77001953,-0.026428223,0.6598511,-0.3125,0.1875,0.203125
571,1696253402734,0.77075195,-0.020080566,0.6581421,-2.5625,-0.140625,0.109375
572,1696253402774,0.7685547,-0.0178833,0.6744995,0.5,0.3125,1.015625
573,1696253402814,0.7685547,-0.018127441,0.6696167,-0.34375,0.078125,1.03125
574,1696253402854,0.75683594,-0.020812988,0.6676636,-0.25,0.40625,0.453125
575,1696253402894,0.76123047,-0.018859863,0.6725464,-0.03125,0.53125,0.015625
576,1696253402934,0.7578125,-0.011047363,0.6664429,-0.5,-0.296875,0.15625
577,1696253402974,0.7644043,-0.012023926,0.6598511,-0.1875,-0.15625,0.015625
578,1696253403014,0.7668457,-0.024719238,0.6737671,-0.3125,0.546875,0.71875
579,1696253403054,0.7751465,-0.018615723,0.65789795,0.09375,0.421875,0.53125
580,1696253403094,0.7753906,-0.020812988,0.6535034,0.234375,0.0,0.734375
581,1696253403134,0.76342773,-0.008361816,0.6622925,-1.171875,-0.90625,1.28125
582,1696253403174,0.75097656,-0.004699707,0.6976929,3.59375,1.890625,0.03125
583,1696253403214,0.7507324,-0.046203613,0.65179443,-0.28125,1.390625,0.6875
584,1696253403254,0.7910156,-0.0056762695,0.6383667,-2.875,-0.453125,0.421875
585,1696253403294,0.78271484,-0.0017700195,0.6557007,-0.625,0.34375,0.78125
586,1696253403334,0.7932129,-0.024963379,0.66326904,0.796875,0.078125,-0.203125
587,1696253403374,0.78344727,-0.04034424,0.64398193,-1.5,-2.0625,-0.15625
588,1696253403414,0.78100586,-0.012512207,0.64593506,-0.34375,-1.5625,-0.3125
589,1696253403454,0.7644043,-0.0025024414,0.6613159,0.046875,-0.8125,0.078125
590,1696253403494,0.74560547,-0.014953613,0.6647339,-0.25,-0.84375,0.9375
591,1696253403534,0.74609375,-0.022277832,0.6774292,-0.140625,-0.484375,0.9375
592,1696253403574,0.7770996,-0.007385254,0.67718506,0.890625,0.15625,0.59375
593,1696253403614,0.78393555,-0.014465332,0.66937256,1.5,0.359375,-0.25
594,1696253403654,0.7832031,-0.022033691,0.6486206,0.40625,0.109375,0.109375
595,1696253403694,0.76660156,-0.0044555664,0.64178467,-1.203125,-0.421875,1.0
596,1696253403734,0.77563477,0.001159668,0.65618896,-0.359375,-0.328125,0.828125
597,1696253403774,0.7788086,-0.02154541,0.6600952,-0.984375,0.140625,0.6875
598,1696253403814,0.78100586,-0.0154418945,0.65545654,-0.109375,-1.109375,-0.421875
599,1696253403854,0.7792969,-0.008117676,0.6610718,-0.46875,-1.078125,-0.484375
600,1696253403894,0.7734375,-0.008117676,0.6559448,-1.25,-0.734375,0.1875
601,1696253403934,0.7709961,-0.01739502,0.6622925,-1.28125,-0.359375,0.125
602,1696253403974,0.7751465,-0.019836426,0.651062,-1.28125,-0.40625,0.0625
603,1696253404014,0.7648926,-0.01739502,0.66156006,0.296875,-0.1875,0.859375
604,1696253404054,0.76342773,-0.014709473,0.6630249,0.140625,0.015625,1.078125
605,1696253404094,0.76953125,-0.010314941,0.6557007,0.421875,0.625,0.71875
606,1696253404134,0.7817383,-0.0044555664,0.66082764,0.734375,0.078125,-0.171875
607,1696253404174,0.7844238,0.001159668,0.66448975,-0.09375,-0.484375,-0.015625
608,1696253404214,0.77685547,-0.007873535,0.6454468,-1.5625,-0.59375,0.609375
609,1696253404254,0.77075195,-0.005432129,0.6581421,-0.453125,-0.140625,0.546875
610,1696253404294,0.77075195,-0.02130127,0.65252686,-0.765625,-0.8125,0.1875
611,1696253404334,0.78344727,-0.0076293945,0.65252686,-0.03125,0.3125,0.109375
612,1696253404374,0.77197266,-0.006652832,0.66033936,-0.09375,-0.25,0.3125
613,1696253404414,0.7619629,-0.010559082,0.66156006,0.53125,0.046875,0.5
614,1696253404454,0.77246094,-0.012756348,0.6576538,0.5,-0.890625,-0.640625
615,1696253404494,0.78564453,0.0018920898,0.6539917,-0.15625,-0.171875,-0.1875
616,1696253404534,0.76904297,-0.007873535,0.6535034,-0.046875,-0.40625,0.75
617,1696253404574,0.77612305,-0.012023926,0.6559448,-0.25,-0.53125,0.28125
618,1696253404614,0.7861328,-0.01763916,0.6473999,-0.125,-0.703125,-0.046875
619,1696253404654,0.7751465,-0.012512207,0.6532593,0.453125,0.1875,-0.21875
620,1696253404694,0.78564453,-0.0051879883,0.6618042,-0.046875,-0.03125,0.453125
621,1696253404734,0.7626953,-0.010070801,0.6535034,-0.21875,-0.421875,0.40625
622,1696253404774,0.7739258,-0.019836426,0.6557007,0.0,-0.5,-0.578125
623,1696253404814,0.78125,-0.00592041,0.6461792,1.015625,0.4375,-0.03125
624,1696253404854,0.77563477,-0.0071411133,0.6508179,0.3125,-0.21875,0.296875
625,1696253404894,0.78125,-0.008850098,0.6618042,2.359375,2.96875,0.890625
626,1696253404934,0.7861328,-0.03302002,0.65911865,1.578125,1.203125,1.03125
627,1696253404974,0.77905273,-0.013244629,0.6444702,0.234375,-0.421875,0.078125
628,1696253405014,0.7722168,-0.010559082,0.64349365,1.28125,-0.125,0.71875
629,1696253405054,0.7692871,-0.0115356445,0.6473999,-0.3125,-0.328125,0.140625
630,1696253405094,0.7783203,-0.015686035,0.64056396,-1.0625,-0.703125,0.15625
631,1696253405134,0.7858887,-0.012023926,0.6569214,-0.3125,-1.09375,-0.109375
632,1696253405174,0.7919922,-0.00982666,0.6412964,0.21875,-0.078125,0.125
633,1696253405214,0.7807617,-0.006164551,0.649353,0.0625,-0.09375,0.609375
634,1696253405254,0.78808594,-0.020812988,0.64398193,0.46875,0.59375,0.484375
635,1696253405294,0.78564453,-0.011779785,0.6408081,0.265625,0.171875,0.34375
636,1696253405334,0.7729492,-0.010803223,0.64178467,-0.046875,-0.984375,0.515625
637,1696253405374,0.7861328,-0.018371582,0.63568115,-0.890625,-0.046875,0.28125
638,1696253405414,0.7866211,-0.0076293945,0.6552124,-1.90625,-0.265625,0.203125
639,1696253405454,0.8173828,0.0053100586,0.7201538,5.125,5.125,0.40625
640,1696253405494,0.7607422,-0.028625488,0.60321045,3.53125,-3.28125,3.03125
641,1696253405534,0.73217773,-0.0010375977,0.64520264,8.390625,-0.34375,2.015625
642,1696253405574,0.81591797,0.0018920898,0.67059326,5.71875,1.34375,-1.84375
643,1696253405614,0.80249023,-0.030090332,0.63153076,1.78125,-0.734375,0.15625
644,1696253405654,0.7902832,-0.03692627,0.6522827,-1.8125,-2.109375,-0.4375
645,1696253405694,0.7636719,-0.014465332,0.6676636,0.46875,-2.90625,-1.71875
646,1696253405734,0.79174805,-0.05230713,0.61712646,4.03125,-1.40625,-1.734375
647,1696253405774,0.7753906,-0.038391113,0.6276245,1.0625,-2.03125,0.28125
648,1696253405814,0.79296875,-0.020080566,0.6342163,2.0625,0.671875,1.6875
649,1696253405854,0.77563477,-0.023742676,0.62371826,2.21875,0.703125,1.921875
650,1696253405894,0.77075195,-0.03668213,0.63153076,2.125,-1.890625,0.671875
651,1696253405934,0.7619629,-0.024230957,0.6088257,0.265625,-6.5625,0.15625
652,1696253405974,0.76220703,-0.019348145,0.65130615,-1.84375,-7.21875,0.203125
653,1696253406014,0.8010254,-0.05987549,0.69818115,0.6875,-2.359375,0.140625
654,1696253406054,0.8029785,-0.070129395,0.6679077,-2.9375,-1.4375,-0.109375
655,1696253406094,0.7685547,-0.011779785,0.6508179,-5.6875,-4.234375,-0.6875
656,1696253406134,0.74487305,-6.1035156e-05,0.6473999,-2.84375,-2.5,-0.078125
657,1696253406174,0.75390625,-0.03765869,0.6847534,1.40625,-0.578125,0.0625
658,1696253406214,0.75927734,-0.066711426,0.6876831,-0.65625,-2.296875,0.25
659,1696253406254,0.7661133,-0.026916504,0.680603,-1.140625,-1.625,-0.65625
660,1696253406294,0.7536621,-0.015197754,0.6618042,0.15625,-0.890625,0.28125
661,1696253406334,0.7619629,-0.027648926,0.6671753,0.890625,-0.078125,0.390625
662,1696253406374,0.76538086,-0.02545166,0.6786499,0.140625,-0.140625,0.109375
663,1696253406414,0.77075195,-0.035217285,0.66571045,-1.546875,-1.046875,0.421875
664,1696253406454,0.76953125,-0.022033691,0.66571045,-0.125,-0.8125,0.328125
665,1696253406494,0.76000977,-0.02130127,0.66864014,-0.421875,-0.96875,0.3125
666,1696253406534,0.7614746,-0.02960205,0.6679077,-0.890625,-0.8125,0.234375
667,1696253406574,0.7487793,-0.03326416,0.6708374,-0.84375,-1.484375,-0.109375
668,1696253406614,0.7487793,-0.03253174,0.68182373,-0.578125,-1.171875,-0.390625
669,1696253406654,0.76293945,-0.024475098,0.67645264,-1.046875,-1.015625,-0.15625
670,1696253406694,0.7553711,-0.016906738,0.68670654,-0.125,-1.15625,-0.140625
671,1696253406734,0.7512207,-0.02911377,0.67767334,-0.703125,-0.90625,0.46875
672,1696253406774,0.7531738,-0.018859863,0.67840576,-0.6875,-0.125,0.5625
673,1696253406814,0.75341797,-0.022766113,0.6769409,0.484375,0.015625,0.6875
674,1696253406854,0.7661133,-0.027893066,0.6725464,0.546875,-0.5625,0.046875
675,1696253406894,0.7619629,-0.020812988,0.67181396,-0.15625,-0.28125,-0.375
676,1696253406934,0.7573242,-0.024475098,0.68084717,0.0,-0.015625,0.15625
677,1696253406974,0.7602539,-0.028381348,0.6744995,-0.234375,-0.34375,-0.046875
678,1696253407014,0.7597656,-0.022521973,0.67401123,-0.359375,0.265625,0.09375
679,1696253407054,0.7585449,-0.02545166,0.68182373,-1.28125,-1.046875,0.203125
680,1696253407094,0.75634766,-0.020812988,0.67718506,-0.546875,-1.46875,0.09375
681,1696253407134,0.7565918,-0.027648926,0.69281006,0.0,-0.09375,0.015625
682,1696253407174,0.7597656,-0.028137207,0.67962646,-0.21875,0.578125,-0.046875
683,1696253407214,0.75756836,-0.020568848,0.6642456,-0.640625,-0.421875,-0.09375
684,1696253407254,0.75,-0.02154541,0.682312,-0.59375,-0.078125,0.03125
685,1696253407294,0.7636719,-0.021057129,0.68377686,-0.671875,0.21875,0.5625
686,1696253407334,0.76708984,-0.014465332,0.6737671,-1.15625,-0.5625,0.015625
687,1696253407374,0.7614746,-0.022277832,0.68792725,-1.28125,-1.15625,-0.15625
688,1696253407414,0.7636719,-0.026428223,0.6769409,-1.5,-0.734375,-0.203125
689,1696253407454,0.76708984,-0.016906738,0.67718506,-1.953125,0.203125,0.015625
690,1696253407494,0.75341797,-0.0154418945,0.67401123,-0.453125,0.75,0.265625
691,1696253407534,0.75219727,-0.020812988,0.68133545,-0.109375,0.484375,0.03125
692,1696253407574,0.77319336,-0.015197754,0.66156006,-0.21875,0.453125,0.0625
693,1696253407614,0.75439453,-0.019348145,0.67059326,-0.375,0.4375,0.453125
694,1696253407654,0.7614746,-0.0134887695,0.6810913,-0.546875,0.234375,0.453125
695,1696253407694,0.7661133,-0.02154541,0.6737671,-0.3125,-0.015625,0.234375
696,1696253407734,0.7734375,-0.01373291,0.66986084,-0.0625,0.390625,0.34375
697,1696253407774,0.7597656,-0.023254395,0.68011475,0.3125,0.96875,1.046875
698,1696253407814,0.76904297,-0.019104004,0.6520386,-0.484375,0.84375,1.484375
699,1696253407854,0.75512695,-0.0064086914,0.6635132,1.15625,0.71875,0.96875
700,1696253407894,0.7661133,-0.014953613,0.65838623,0.71875,-0.1875,0.828125
701,1696253407934,0.7663574,-0.014953613,0.6622925,-0.8125,-0.859375,0.484375
702,1696253407974,0.7614746,-0.008361816,0.66400146,-0.421875,1.0625,-0.203125
703,1696253408014,0.7692871,-0.01373291,0.66204834,-0.90625,0.578125,-0.078125
704,1696253408054,0.7739258,-0.012756348,0.6605835,-0.421875,-0.203125,-0.078125
705,1696253408094,0.7709961,-0.0095825195,0.6576538,-1.59375,-0.1875,0.375
706,1696253408134,0.7680664,-0.015930176,0.6598511,-0.625,-0.03125,0.265625
707,1696253408174,0.7709961,-0.020324707,0.6571655,-0.640625,0.53125,0.59375
708,1696253408214,0.782959,-0.013977051,0.6586304,0.046875,0.5,0.34375
709,1696253408254,0.77612305,-0.016906738,0.6708374,1.265625,0.75,0.046875
710,1696253408294,0.76538086,-0.012023926,0.6557007,1.125,0.84375,0.28125
711,1696253408334,0.77368164,-0.0037231445,0.65374756,0.03125,-0.375,0.21875
712,1696253408374,0.7687988,0.0004272461,0.6564331,1.0,0.0625,-0.1875
713,1696253408414,0.7792969,-0.01373291,0.6508179,-0.75,-0.25,-0.25
714,1696253408454,0.77783203,-0.0095825195,0.6588745,-1.0,-0.4375,-0.09375
715,1696253408494,0.78271484,-0.019592285,0.65618896,-0.9375,-1.171875,0.328125
716,1696253408534,0.7663574,-0.020568848,0.6605835,-0.46875,-0.640625,0.390625
717,1696253408574,0.7668457,-0.013977051,0.6598511,-0.5,-1.375,0.265625
718,1696253408614,0.78100586,-0.0134887695,0.6605835,0.453125,0.34375,0.015625
719,1696253408654,0.76708984,-0.006652832,0.66741943,1.46875,0.84375,0.546875
720,1696253408694,0.74853516,-0.024963379,0.6400757,0.46875,-0.640625,1.546875
721,1696253408734,0.7751465,-0.0029907227,0.65545654,1.28125,1.171875,0.53125
722,1696253408774,0.78515625,-0.0010375977,0.6586304,1.5625,1.015625,0.109375
723,1696253408814,0.7932129,-0.019592285,0.6449585,0.09375,-1.75,-0.390625
724,1696253408854,0.77783203,-0.012512207,0.65008545,-1.578125,-1.84375,0.140625
725,1696253408894,0.77075195,-0.0095825195,0.6400757,-2.171875,-0.109375,0.546875
726,1696253408934,0.78686523,-0.010314941,0.6630249,-0.734375,0.125,-0.234375
727,1696253408974,0.7739258,-0.022033691,0.66571045,-0.5,-1.296875,-0.3125
728,1696253409014,0.78027344,-0.015930176,0.66033936,-0.71875,-1.109375,-0.046875
729,1696253409054,0.7734375,-0.008605957,0.6532593,0.140625,0.046875,0.296875
730,1696253409094,0.7717285,-0.0134887695,0.651062,-0.75,0.0,0.296875
731,1696253409134,0.7709961,-0.009094238,0.66156006,-0.03125,-0.15625,0.15625
732,1696253409174,0.77490234,-0.0134887695,0.65252686,0.296875,-1.015625,0.6875
733,1696253409214,0.77734375,-0.004699707,0.6478882,0.03125,-0.453125,0.203125
734,1696253409254,0.77246094,-0.014709473,0.6618042,0.015625,0.125,0.359375
735,1696253409294,0.7861328,-0.0154418945,0.6557007,-0.328125,-0.375,0.046875
736,1696253409334,0.7775879,-0.0064086914,0.65740967,0.34375,-0.03125,0.234375
737,1696253409374,0.7741699,-0.0154418945,0.65740967,-0.140625,-0.53125,0.09375
738,1696253409414,0.7722168,-0.014221191,0.652771,-0.734375,-0.46875,0.59375
739,1696253409454,0.77856445,-0.010314941,0.65667725,0.46875,0.140625,0.578125
740,1696253409494,0.7741699,-0.02154541,0.651062,0.078125,-0.125,0.484375
741,1696253409534,0.7807617,-0.012268066,0.65667725,-0.578125,-0.03125,0.015625
742,1696253409574,0.7805176,-0.014953613,0.6503296,-0.203125,0.1875,0.34375
743,1696253409614,0.77905273,-0.015197754,0.63983154,-0.453125,0.109375,0.46875
744,1696253409654,0.7770996,0.0028686523,0.64886475,-0.125,-0.0625,-0.0625
745,1696253409694,0.7727051,-0.009094238,0.65618896,-0.59375,-0.9375,0.34375
746,1696253409734,0.77685547,-0.015686035,0.651062,0.03125,-0.03125,0.28125
747,1696253409774,0.7792969,-0.008850098,0.6552124,0.390625,0.0625,-0.140625
748,1696253409814,0.78027344,-0.0032348633,0.64642334,-0.296875,-0.28125,-0.046875
749,1696253409854,0.7866211,-0.0076293945,0.66033936,0.5,0.9375,0.390625
750,1696253409894,0.78125,-0.018859863,0.6491089,-1.125,0.390625,0.296875
751,1696253409934,0.7766113,-0.006652832,0.64764404,-0.546875,-0.296875,-0.046875
752,1696253409974,0.7792969,-0.003967285,0.6376343,0.234375,0.5,0.296875
753,1696253410014,0.78759766,-0.016418457,0.6437378,0.640625,0.015625,0.90625
754,1696253410054,0.78125,-0.0037231445,0.6520386,0.0,-0.421875,0.640625
755,1696253410094,0.77685547,-0.008361816,0.64593506,-0.8125,-1.140625,-0.109375
756,1696253410134,0.77612305,-0.0064086914,0.6403198,-0.71875,-0.328125,-0.046875
757,1696253410174,0.78564453,-0.0022583008,0.6461792,-0.234375,0.0,0.078125
758,1696253410214,0.7832031,-0.0095825195,0.6466675,-0.234375,-0.75,0.421875
759,1696253410254,0.7841797,-0.014465332,0.6491089,-0.421875,-0.296875,0.375
