,timestamp,accel_x,accel_y,accel_z,gyro_x,gyro_y,gyro_z,mag_x,mag_y,mag_z
0,1696258028620,-0.5029297,-0.038085938,0.4609375,22.875,29.0625,1.25,0.0,0.0,0.0
1,1696258028660,-0.7451172,-0.041992188,0.8515625,-3.65625,59.53125,-3.59375,0.0,0.0,0.0
2,1696258028700,-1.1357422,-0.15234375,1.3300781,-26.375,14.5625,-3.8125,0.0,0.0,0.0
3,1696258028740,-0.6425781,-0.31347656,0.7480469,17.34375,-14.8125,-6.875,0.0,0.0,0.0
4,1696258028780,-0.4892578,-0.032226562,0.3955078,53.9375,43.125,-15.46875,0.0,0.0,0.0
5,1696258028820,-1.9755859,0.23339844,0.5185547,-35.34375,69.84375,22.0,0.0,0.0,0.0
6,1696258028860,-0.3701172,0.6044922,0.2421875,-51.28125,-2.78125,-26.21875,0.0,0.0,0.0
7,1696258028900,-0.15527344,0.1328125,-0.080078125,-74.65625,59.46875,38.15625,-16.625,46.0625,-222.375
8,1696258028940,-1.5644531,-0.2529297,-0.013671875,-71.28125,74.84375,78.28125,0.0,0.0,0.0
9,1696258028980,-0.9091797,-0.0068359375,0.3154297,-50.90625,100.125,16.6875,0.0,0.0,0.0
10,1696258029020,-0.7705078,0.072265625,0.14648438,-72.28125,101.78125,28.9375,0.0,0.0,0.0
11,1696258029060,-1.0683594,-0.19042969,-0.03125,-36.25,102.5,31.34375,0.0,0.0,0.0
12,1696258029100,-0.8457031,-0.060546875,0.043945312,-0.1875,85.84375,17.0625,0.0,0.0,0.0
13,1696258029140,-0.90527344,0.028320312,0.0546875,3.59375,80.15625,19.90625,0.0,0.0,0.0
14,1696258029180,-0.9589844,-0.0009765625,0.0625,-18.625,77.09375,19.96875,0.0,0.0,0.0
15,1696258029220,-0.94140625,0.01953125,0.0078125,-14.78125,71.96875,31.09375,0.0,0.0,0.0
16,1696258029260,-1.046875,0.0234375,0.005859375,-17.28125,74.78125,34.8125,0.0,0.0,0.0
17,1696258029300,-1.1826172,-0.12011719,0.08886719,-18.625,44.15625,17.78125,0.0,0.0,0.0
18,1696258029340,-1.1484375,-0.0146484375,0.06542969,-18.6875,21.625,3.0,0.0,0.0,0.0
19,1696258029380,-1.2607422,-0.07324219,0.12207031,-29.84375,-3.6875,11.375,-202.1875,60.0625,147.6875
20,1696258029420,-1.3789062,-0.1484375,-0.016601562,-30.46875,-49.84375,-2.1875,0.0,0.0,0.0
21,1696258029460,-1.1308594,-0.0087890625,-0.0546875,20.875,-126.1875,-32.75,0.0,0.0,0.0
22,1696258029500,-1.2441406,0.3251953,0.29296875,85.4375,-205.96875,-43.125,0.0,0.0,0.0
23,1696258029540,-1.6152344,0.5097656,-0.026367188,-13.125,-150.625,-25.90625,0.0,0.0,0.0
24,1696258029580,-1.1816406,0.2265625,0.20117188,-129.03125,-114.59375,-67.1875,0.0,0.0,0.0
25,1696258029620,-1.2666016,0.16113281,0.080078125,-2.8125,-170.28125,-84.15625,0.0,0.0,0.0
26,1696258029660,-0.859375,-0.13671875,0.09667969,66.34375,-143.65625,-66.03125,0.0,0.0,0.0
27,1696258029700,-0.50683594,0.08496094,0.18457031,54.0,-108.25,-44.53125,0.0,0.0,0.0
28,1696258029740,-0.2919922,0.23339844,0.27929688,41.1875,-77.25,-14.75,0.0,0.0,0.0
29,1696258029780,-0.21777344,0.19042969,0.19238281,68.28125,-26.40625,0.15625,0.0,0.0,0.0
30,1696258029820,-0.3701172,0.00390625,0.24707031,51.25,21.4375,37.5625,0.0,0.0,0.0
31,1696258029860,-0.6845703,-0.046875,0.7714844,-5.6875,91.9375,9.65625,0.0,0.0,0.0
32,1696258029900,-1.3398438,-0.15234375,1.2207031,-19.78125,34.6875,-7.1875,-7.1875,60.5,-228.8125
33,1696258029940,-0.91015625,-0.171875,0.9394531,-6.65625,-47.84375,1.125,0.0,0.0,0.0
34,1696258029980,-0.13964844,0.03515625,0.5048828,45.34375,44.15625,-6.15625,0.0,0.0,0.0
35,1696258030020,-1.7402344,0.13769531,0.60839844,-12.09375,94.375,20.28125,0.0,0.0,0.0
36,1696258030060,-1.5273438,0.36621094,0.43359375,-34.84375,-23.34375,25.78125,0.0,0.0,0.0
37,1696258030100,-0.024414062,0.43066406,0.20898438,-26.8125,20.90625,6.4375,0.0,0.0,0.0
38,1696258030140,-1.25,-0.33691406,-0.23632812,-107.3125,91.28125,57.15625,0.0,0.0,0.0
39,1696258030180,-1.2705078,-0.20117188,0.20117188,-26.8125,109.6875,20.84375,0.0,0.0,0.0
40,1696258030220,-0.6855469,0.15820312,0.36132812,-32.71875,108.71875,20.09375,0.0,0.0,0.0
41,1696258030260,-0.87890625,0.0009765625,0.029296875,-33.5,98.40625,29.1875,0.0,0.0,0.0
42,1696258030300,-0.93359375,-0.10839844,0.0048828125,-19.0625,95.84375,18.15625,0.0,0.0,0.0
43,1696258030340,-0.8154297,-0.052734375,-0.0107421875,2.625,94.8125,17.40625,0.0,0.0,0.0
44,1696258030380,-0.8935547,-0.0146484375,-0.026367188,4.8125,99.4375,21.5,-5.875,181.8125,-0.1875
45,1696258030420,-0.9404297,0.103515625,-0.001953125,9.6875,95.40625,27.78125,0.0,0.0,0.0
46,1696258030460,-1.0839844,0.1796875,0.13671875,-10.875,84.125,30.28125,0.0,0.0,0.0
47,1696258030500,-1.1826172,-0.13574219,0.0146484375,-14.65625,41.78125,19.3125,0.0,0.0,0.0
48,1696258030540,-1.1572266,-0.03515625,0.068359375,-24.25,19.3125,3.5625,0.0,0.0,0.0
49,1696258030580,-1.2265625,-0.15917969,0.0146484375,-17.53125,3.625,4.59375,0.0,0.0,0.0
50,1696258030620,-1.4501953,-0.11230469,0.034179688,-22.03125,-34.03125,-0.65625,0.0,0.0,0.0
51,1696258030660,-1.3867188,-0.041015625,-0.10839844,-30.21875,-149.09375,-13.15625,0.0,0.0,0.0
52,1696258030700,-1.0458984,0.24414062,0.27441406,78.25,-196.21875,-39.28125,0.0,0.0,0.0
53,1696258030740,-1.5615234,0.63378906,-0.052734375,52.25,-158.65625,-38.125,0.0,0.0,0.0
54,1696258030780,-1.2666016,0.052734375,0.08496094,-111.21875,-108.0625,-65.53125,0.0,0.0,0.0
55,1696258030820,-1.2734375,0.22070312,0.047851562,43.9375,-175.46875,-85.5625,0.0,0.0,0.0
56,1696258030860,-0.9003906,-0.21289062,0.11035156,77.8125,-150.75,-68.46875,0.0,0.0,0.0
57,1696258030900,-0.39160156,-0.00390625,0.18164062,65.0,-109.84375,-52.46875,129.875,139.8125,-139.6875
58,1696258030940,-0.25976562,0.17089844,0.19628906,46.875,-87.6875,-38.6875,0.0,0.0,0.0
59,1696258030980,-0.16503906,0.17871094,0.13867188,75.8125,-37.15625,-33.0,0.0,0.0,0.0
60,1696258031020,-0.19433594,0.13574219,0.15429688,49.8125,30.0625,2.46875,0.0,0.0,0.0
61,1696258031060,-0.66796875,-0.10839844,0.55078125,-33.34375,97.90625,7.90625,0.0,0.0,0.0
62,1696258031100,-1.4121094,-0.09472656,1.3964844,-5.3125,62.46875,-12.4375,0.0,0.0,0.0
63,1696258031140,-1.1669922,-0.3310547,1.3222656,26.65625,-24.625,1.78125,0.0,0.0,0.0
64,1696258031180,-0.33496094,-0.026367188,0.4423828,51.3125,35.65625,-19.5625,0.0,0.0,0.0
65,1696258031220,-1.8769531,0.17773438,0.49902344,7.1875,75.71875,27.375,0.0,0.0,0.0
66,1696258031260,-0.703125,0.85253906,-0.07714844,-73.0,-25.84375,-4.5,0.0,0.0,0.0
67,1696258031300,-0.041015625,0.42871094,0.26757812,-14.90625,32.3125,37.96875,0.0,0.0,0.0
68,1696258031340,-1.5214844,-0.5449219,-0.46679688,-135.6875,119.21875,57.40625,0.0,0.0,0.0
69,1696258031380,-1.0712891,-0.0029296875,0.36914062,-28.6875,98.78125,37.625,13.5,74.125,-228.8125
70,1696258031420,-0.6230469,0.083984375,0.15625,-51.59375,124.46875,20.71875,0.0,0.0,0.0
71,1696258031460,-1.0009766,-0.107421875,-0.01953125,-47.0625,116.46875,26.875,0.0,0.0,0.0
72,1696258031500,-0.88964844,-0.13183594,0.09667969,-13.1875,95.96875,14.0,0.0,0.0,0.0
73,1696258031540,-0.8457031,-0.040039062,-0.013671875,3.21875,93.40625,20.53125,0.0,0.0,0.0
74,1696258031580,-0.8691406,-0.0107421875,0.12109375,-11.0,93.53125,25.59375,0.0,0.0,0.0
75,1696258031620,-0.9765625,0.07324219,-0.0234375,0.65625,91.875,42.625,0.0,0.0,0.0
76,1696258031660,-1.0683594,0.12402344,0.091796875,-23.9375,69.25,37.8125,0.0,0.0,0.0
77,1696258031700,-1.1269531,-0.07910156,0.0126953125,-33.8125,32.375,23.09375,0.0,0.0,0.0
78,1696258031740,-1.2089844,-0.1875,-0.02734375,-17.59375,17.71875,4.53125,0.0,0.0,0.0
79,1696258031780,-1.5703125,-0.12695312,-0.056640625,-0.3125,-9.8125,-2.3125,0.0,0.0,0.0
80,1696258031820,-1.6982422,-0.0546875,-0.059570312,1.53125,-81.21875,-22.0,0.0,0.0,0.0
81,1696258031860,-1.0595703,0.2763672,0.16699219,49.8125,-170.875,-37.40625,0.0,0.0,0.0
82,1696258031900,-1.4423828,0.5078125,0.12890625,66.78125,-198.34375,-26.21875,-342.125,47.5625,275.0
83,1696258031940,-1.2021484,0.099609375,-0.07714844,-84.78125,-114.40625,-46.25,0.0,0.0,0.0
84,1696258031980,-1.3867188,0.026367188,-0.07128906,-41.8125,-134.375,-78.78125,0.0,0.0,0.0
85,1696258032020,-0.88964844,-0.0107421875,0.1484375,90.5,-204.5625,-68.84375,0.0,0.0,0.0
86,1696258032060,-0.4951172,0.029296875,0.14648438,64.8125,-129.6875,-53.15625,0.0,0.0,0.0
87,1696258032100,-0.3935547,0.13183594,0.2109375,28.0625,-95.6875,-44.0625,0.0,0.0,0.0
88,1696258032140,-0.25097656,0.16015625,0.1171875,46.75,-49.125,-43.1875,0.0,0.0,0.0
89,1696258032180,-0.24121094,0.09667969,0.12890625,51.03125,5.21875,-14.75,0.0,0.0,0.0
90,1696258032220,-0.4658203,-0.15234375,0.33007812,-10.75,69.0625,15.59375,0.0,0.0,0.0
91,1696258032260,-0.9716797,-0.0625,1.0634766,-25.53125,107.8125,-15.25,0.0,0.0,0.0
92,1696258032300,-1.703125,-0.4375,1.4404297,34.125,-3.03125,3.5625,0.0,0.0,0.0
93,1696258032340,-0.7783203,-0.2841797,0.6269531,22.03125,-50.8125,0.4375,0.0,0.0,0.0
94,1696258032380,-1.7197266,-0.04296875,0.50683594,88.1875,19.0,17.96875,-25.625,46.6875,-232.5625
95,1696258032420,-0.17675781,0.875,-0.068359375,-20.34375,-37.5625,-12.75,0.0,0.0,0.0
96,1696258032460,-0.3046875,0.43554688,0.43164062,-1.59375,23.40625,57.21875,0.0,0.0,0.0
97,1696258032500,-1.6308594,-0.4169922,-0.29882812,-133.4375,117.34375,33.28125,0.0,0.0,0.0
98,1696258032540,-0.8388672,-0.072265625,0.29492188,-28.1875,82.71875,31.03125,0.0,0.0,0.0
99,1696258032580,-0.7207031,0.10253906,0.37109375,-37.65625,132.53125,23.21875,0.0,0.0,0.0
100,1696258032620,-0.9326172,-0.07519531,-0.059570312,-63.96875,142.65625,25.59375,0.0,0.0,0.0
101,1696258032660,-0.9716797,-0.06542969,-0.01171875,-18.8125,108.53125,8.75,0.0,0.0,0.0
102,1696258032700,-0.83691406,0.076171875,0.09082031,3.90625,90.53125,19.125,0.0,0.0,0.0
103,1696258032740,-0.82421875,-0.00390625,-0.0146484375,-3.96875,87.0,26.09375,0.0,0.0,0.0
104,1696258032780,-0.9580078,0.048828125,0.0068359375,-24.96875,87.65625,32.0,0.0,0.0,0.0
105,1696258032820,-1.0214844,0.12109375,0.04296875,-20.375,93.71875,45.375,0.0,0.0,0.0
106,1696258032860,-1.1474609,0.0107421875,0.044921875,-40.34375,53.84375,30.40625,0.0,0.0,0.0
107,1696258032900,-1.1533203,-0.19140625,0.111328125,-41.875,27.78125,5.9375,-159.125,62.5625,65.625
108,1696258032940,-1.28125,-0.21386719,0.07421875,-17.59375,9.46875,2.21875,0.0,0.0,0.0
109,1696258032980,-1.5722656,-0.15820312,-0.10839844,-32.28125,-36.28125,-1.3125,0.0,0.0,0.0
110,1696258033020,-1.3818359,0.07324219,-0.051757812,13.5,-101.0,-28.65625,0.0,0.0,0.0
111,1696258033060,-1.0078125,0.15429688,0.15820312,76.34375,-190.28125,-38.1875,0.0,0.0,0.0
112,1696258033100,-1.4697266,0.47753906,-0.09472656,81.125,-186.0625,-18.96875,0.0,0.0,0.0
113,1696258033140,-1.2148438,0.107421875,0.14746094,-94.25,-117.15625,-45.4375,0.0,0.0,0.0
114,1696258033180,-1.4091797,0.17480469,-0.06933594,-52.0625,-128.65625,-89.03125,0.0,0.0,0.0
115,1696258033220,-0.8642578,-0.12207031,0.059570312,77.5,-187.65625,-76.6875,0.0,0.0,0.0
116,1696258033260,-0.47460938,-0.07128906,0.20996094,74.9375,-122.40625,-55.21875,0.0,0.0,0.0
117,1696258033300,-0.30859375,0.06738281,0.24023438,45.21875,-87.9375,-40.15625,0.0,0.0,0.0
118,1696258033340,-0.14941406,0.18164062,0.16601562,50.65625,-43.5625,-37.28125,0.0,0.0,0.0
119,1696258033380,-0.12011719,0.09667969,0.14941406,61.09375,14.65625,-3.65625,7.625,63.9375,-228.9375
120,1696258033420,-0.5078125,-0.10839844,0.5683594,-4.09375,81.1875,15.65625,0.0,0.0,0.0
121,1696258033460,-1.3535156,-0.11816406,1.4589844,-6.71875,69.28125,-7.3125,0.0,0.0,0.0
122,1696258033500,-1.4394531,-0.38867188,1.2666016,7.125,-28.84375,6.0625,0.0,0.0,0.0
123,1696258033540,-0.09863281,0.037109375,0.48339844,85.875,22.65625,-14.09375,0.0,0.0,0.0
124,1696258033580,-1.8349609,0.31347656,0.5527344,-27.96875,89.125,29.4375,0.0,0.0,0.0
125,1696258033620,-0.94628906,0.5019531,0.11621094,-37.46875,-30.1875,-3.09375,0.0,0.0,0.0
126,1696258033660,0.12402344,0.2763672,0.13574219,-39.5625,48.90625,22.0,0.0,0.0,0.0
127,1696258033700,-1.5,-0.44726562,-0.234375,-104.125,100.5,69.84375,0.0,0.0,0.0
128,1696258033740,-1.0966797,-0.07324219,0.37890625,-21.4375,123.75,29.75,0.0,0.0,0.0
129,1696258033780,-0.6855469,0.032226562,0.16992188,-31.0,116.53125,17.40625,0.0,0.0,0.0
130,1696258033820,-0.89941406,0.02734375,0.013671875,-22.28125,113.375,24.375,0.0,0.0,0.0
131,1696258033860,-0.87890625,-0.064453125,0.07519531,-13.0625,99.03125,17.65625,0.0,0.0,0.0
132,1696258033900,-0.8378906,-0.041015625,-0.001953125,-15.625,93.65625,23.40625,33.0,223.8125,21.6875
133,1696258033940,-0.84375,0.0048828125,0.1015625,-7.5,92.84375,31.5,0.0,0.0,0.0
134,1696258033980,-1.0205078,0.03515625,0.0107421875,-11.0,100.3125,48.90625,0.0,0.0,0.0
135,1696258034020,-1.1777344,0.076171875,0.07519531,-30.34375,59.34375,26.5,0.0,0.0,0.0
136,1696258034060,-1.2070312,-0.06738281,0.07714844,-33.21875,31.28125,7.59375,0.0,0.0,0.0
137,1696258034100,-1.3046875,-0.24414062,0.056640625,-19.46875,10.40625,8.8125,0.0,0.0,0.0
138,1696258034140,-1.5507812,-0.19824219,-0.029296875,-6.28125,-20.5625,-1.9375,0.0,0.0,0.0
139,1696258034180,-1.4931641,-0.01171875,-0.17382812,9.625,-108.0625,-25.90625,0.0,0.0,0.0
140,1696258034220,-1.0917969,0.26757812,0.18457031,87.65625,-196.09375,-46.375,0.0,0.0,0.0
141,1696258034260,-1.546875,0.65625,-0.11621094,95.34375,-177.71875,-25.125,0.0,0.0,0.0
142,1696258034300,-1.2236328,-0.087890625,0.109375,-84.84375,-128.53125,-44.15625,0.0,0.0,0.0
143,1696258034340,-1.3193359,0.23242188,-0.07519531,-48.78125,-148.125,-73.21875,0.0,0.0,0.0
144,1696258034380,-0.74316406,-0.14746094,0.087890625,89.65625,-211.90625,-63.59375,95.6875,-25.4375,110.625
145,1696258034420,-0.3935547,0.041015625,0.20800781,59.6875,-116.375,-57.96875,0.0,0.0,0.0
146,1696258034460,-0.2783203,0.2109375,0.2109375,42.125,-78.78125,-43.5,0.0,0.0,0.0
147,1696258034500,-0.14648438,0.2109375,0.08203125,78.5625,-28.90625,-37.34375,0.0,0.0,0.0
148,1696258034540,-0.20117188,0.04296875,0.14453125,58.15625,34.75,-1.75,0.0,0.0,0.0
149,1696258034580,-0.6123047,-0.107421875,0.61035156,-33.5,98.71875,2.59375,0.0,0.0,0.0
150,1696258034620,-1.4667969,-0.052734375,1.5166016,-16.53125,46.59375,-23.40625,0.0,0.0,0.0
151,1696258034660,-1.1289062,-0.16015625,1.2382812,32.03125,-51.125,1.0,0.0,0.0,0.0
152,1696258034700,-0.22070312,-0.11816406,0.32617188,29.21875,28.65625,-17.8125,0.0,0.0,0.0
153,1696258034740,-1.765625,0.12695312,0.53222656,8.59375,89.125,23.34375,0.0,0.0,0.0
154,1696258034780,-1.2109375,0.9482422,-0.11425781,-55.125,-28.96875,1.53125,0.0,0.0,0.0
155,1696258034820,0.27246094,0.421875,0.30566406,0.59375,8.25,25.71875,0.0,0.0,0.0
156,1696258034860,-1.4521484,-0.5126953,-0.5283203,-152.65625,138.6875,64.28125,0.0,0.0,0.0
157,1696258034900,-1.1914062,-0.0078125,0.3720703,-38.28125,118.3125,38.96875,7.8125,75.1875,-216.0625
158,1696258034940,-0.5888672,0.064453125,0.19140625,-48.40625,124.09375,15.21875,0.0,0.0,0.0
159,1696258034980,-0.8857422,-0.053710938,0.016601562,-42.90625,114.71875,22.0625,0.0,0.0,0.0
160,1696258035020,-0.8886719,-0.12792969,0.0009765625,-28.03125,107.125,10.5625,0.0,0.0,0.0
161,1696258035060,-0.82910156,-0.034179688,0.08300781,-18.625,98.15625,16.0625,0.0,0.0,0.0
162,1696258035100,-0.9248047,-0.01953125,0.18261719,-6.03125,93.15625,28.15625,0.0,0.0,0.0
163,1696258035140,-1.0673828,0.005859375,-0.0107421875,-14.21875,88.03125,35.59375,0.0,0.0,0.0
164,1696258035180,-1.0585938,0.09277344,0.046875,-24.28125,47.03125,24.3125,0.0,0.0,0.0
165,1696258035220,-1.1298828,-0.0390625,0.1328125,-32.65625,25.53125,9.90625,0.0,0.0,0.0
166,1696258035260,-1.2373047,-0.17773438,0.043945312,-25.5625,12.34375,6.71875,0.0,0.0,0.0
167,1696258035300,-1.5439453,-0.17675781,0.045898438,-14.21875,-20.375,3.6875,0.0,0.0,0.0
168,1696258035340,-1.4755859,-0.048828125,-0.12890625,5.71875,-107.875,-20.625,0.0,0.0,0.0
169,1696258035380,-1.0332031,0.2705078,0.22753906,85.03125,-202.125,-37.09375,-436.0625,109.6875,378.25
170,1696258035420,-1.5996094,0.6269531,-0.07910156,76.53125,-186.75,-15.125,0.0,0.0,0.0
171,1696258035460,-1.2138672,-0.018554688,0.15136719,-93.375,-133.46875,-33.90625,0.0,0.0,0.0
172,1696258035500,-1.4599609,0.171875,-0.15234375,-117.3125,-147.0,-69.25,0.0,0.0,0.0
173,1696258035540,-0.79785156,-0.072265625,0.13183594,78.71875,-200.53125,-69.0625,0.0,0.0,0.0
174,1696258035580,-0.46679688,0.034179688,0.123046875,68.0625,-110.625,-63.46875,0.0,0.0,0.0
175,1696258035620,-0.26660156,0.09375,0.2265625,46.375,-77.1875,-40.875,0.0,0.0,0.0
176,1696258035660,-0.20019531,0.12597656,0.16503906,49.75,-18.78125,-37.75,0.0,0.0,0.0
177,1696258035700,-0.140625,0.0625,0.123046875,67.875,44.5,-25.3125,0.0,0.0,0.0
178,1696258035740,-0.5214844,-0.02734375,0.41015625,-8.5,102.1875,1.53125,0.0,0.0,0.0
179,1696258035780,-1.5166016,-0.08691406,1.2763672,-9.84375,82.78125,-13.09375,0.0,0.0,0.0
180,1696258035820,-1.4482422,-0.22851562,1.4960938,-11.90625,-35.8125,1.84375,0.0,0.0,0.0
181,1696258035860,-0.041015625,0.018554688,0.4033203,80.3125,11.8125,-11.5625,0.0,0.0,0.0
182,1696258035900,-1.8203125,-0.11035156,0.5410156,40.40625,86.03125,27.375,-24.75,49.375,-228.1875
183,1696258035940,-1.3896484,0.57421875,0.07519531,-70.9375,-37.34375,-15.53125,0.0,0.0,0.0
184,1696258035980,0.23046875,0.6826172,0.28710938,32.15625,27.84375,16.3125,0.0,0.0,0.0
185,1696258036020,-1.3896484,-0.43359375,-0.52246094,-139.78125,129.28125,59.40625,0.0,0.0,0.0
186,1696258036060,-1.2919922,-0.12597656,0.265625,-41.3125,104.40625,53.0,0.0,0.0,0.0
187,1696258036100,-0.5996094,0.14648438,0.32128906,-47.3125,118.5625,12.53125,0.0,0.0,0.0
188,1696258036140,-1.0029297,-0.107421875,-0.01953125,-38.6875,110.875,32.3125,0.0,0.0,0.0
189,1696258036180,-0.86328125,-0.09375,0.01953125,-21.84375,103.71875,8.5625,0.0,0.0,0.0
190,1696258036220,-0.8691406,0.009765625,-0.028320312,-6.96875,96.15625,15.71875,0.0,0.0,0.0
191,1696258036260,-0.88964844,0.0029296875,0.16113281,-16.25,87.0,20.46875,0.0,0.0,0.0
192,1696258036300,-1.0058594,0.005859375,-0.0087890625,-9.59375,89.625,35.25,0.0,0.0,0.0
193,1696258036340,-1.0576172,0.06933594,0.103515625,-41.9375,77.09375,27.4375,0.0,0.0,0.0
194,1696258036380,-1.1669922,-0.0546875,0.11230469,-26.0625,31.09375,22.84375,-120.875,74.3125,94.875
195,1696258036420,-1.1826172,-0.10644531,0.09472656,-31.625,11.375,4.84375,0.0,0.0,0.0
196,1696258036460,-1.5996094,-0.25,-0.041992188,-35.46875,-42.09375,6.25,0.0,0.0,0.0
197,1696258036500,-1.6025391,-0.045898438,-0.11230469,15.9375,-78.96875,-24.59375,0.0,0.0,0.0
198,1696258036540,-1.0986328,0.28222656,0.103515625,67.5625,-174.78125,-41.125,0.0,0.0,0.0
199,1696258036580,-1.5146484,0.5908203,-0.14160156,108.40625,-203.46875,-19.09375,0.0,0.0,0.0
200,1696258036620,-1.1503906,-0.056640625,0.03515625,-49.5,-141.9375,-16.03125,0.0,0.0,0.0
201,1696258036660,-1.3554688,0.296875,0.03125,-113.84375,-132.5625,-54.4375,0.0,0.0,0.0
202,1696258036700,-0.9042969,0.013671875,0.18847656,58.03125,-194.9375,-48.5,0.0,0.0,0.0
203,1696258036740,-0.5292969,-0.034179688,0.11816406,56.40625,-113.8125,-44.34375,0.0,0.0,0.0
204,1696258036780,-0.2919922,0.053710938,0.2109375,47.46875,-97.28125,-23.53125,0.0,0.0,0.0
205,1696258036820,-0.16894531,0.10449219,0.22363281,27.875,-30.6875,-25.90625,0.0,0.0,0.0
206,1696258036860,-0.23925781,0.076171875,0.140625,57.75,39.875,-23.34375,0.0,0.0,0.0
207,1696258036900,-0.4794922,-0.07421875,0.45214844,15.1875,83.6875,-7.65625,48.875,96.8125,-220.375
208,1696258036940,-1.2753906,0.01171875,1.1875,-21.90625,87.3125,-25.0,0.0,0.0,0.0
209,1696258036980,-1.6533203,-0.32421875,1.2246094,-64.53125,25.71875,-18.96875,0.0,0.0,0.0
210,1696258037020,-0.34277344,-0.07714844,0.7597656,127.6875,-40.5625,-3.9375,0.0,0.0,0.0
211,1696258037060,-1.109375,-0.5019531,0.5449219,113.65625,20.59375,16.25,0.0,0.0,0.0
212,1696258037100,-1.9755859,0.45996094,0.27441406,-68.25,20.09375,12.71875,0.0,0.0,0.0
213,1696258037140,-0.115234375,1.0195312,0.38964844,59.625,-0.59375,3.375,0.0,0.0,0.0
214,1696258037180,-0.9003906,-0.17773438,-0.26464844,-129.75,105.6875,52.5,0.0,0.0,0.0
215,1696258037220,-1.4101562,-0.4091797,-0.005859375,-73.0,106.59375,54.71875,0.0,0.0,0.0
216,1696258037260,-0.78027344,0.115234375,0.43554688,-32.53125,111.59375,10.625,0.0,0.0,0.0
217,1696258037300,-0.7783203,-0.0625,0.08105469,-39.875,120.4375,21.9375,0.0,0.0,0.0
218,1696258037340,-1.0126953,-0.140625,0.0068359375,-15.6875,113.4375,12.28125,0.0,0.0,0.0
219,1696258037380,-0.81347656,-0.045898438,0.111328125,-9.28125,99.8125,8.625,-2.5625,159.1875,-104.125
220,1696258037420,-0.9316406,-0.08691406,0.037109375,-15.03125,95.53125,17.53125,0.0,0.0,0.0
221,1696258037460,-0.9160156,0.1015625,0.10058594,0.1875,81.25,17.34375,0.0,0.0,0.0
222,1696258037500,-1.0351562,0.1640625,0.087890625,-17.59375,80.65625,35.40625,0.0,0.0,0.0
223,1696258037540,-1.1289062,-0.0390625,-0.099609375,-31.0625,48.25,27.3125,0.0,0.0,0.0
224,1696258037580,-1.2060547,-0.033203125,0.017578125,-25.6875,27.25,4.84375,0.0,0.0,0.0
225,1696258037620,-1.5791016,-0.26757812,-0.10839844,0.59375,4.125,2.40625,0.0,0.0,0.0
226,1696258037660,-1.7255859,0.0078125,0.16992188,-1.53125,-27.3125,-18.09375,0.0,0.0,0.0
227,1696258037700,-1.3046875,-0.001953125,-0.059570312,-5.875,-138.09375,-19.8125,0.0,0.0,0.0
228,1696258037740,-1.1269531,0.13769531,0.265625,52.3125,-203.40625,-28.5,0.0,0.0,0.0
229,1696258037780,-1.3847656,0.8251953,0.020507812,74.6875,-147.5,-40.03125,0.0,0.0,0.0
230,1696258037820,-1.2490234,-0.20898438,0.037109375,-46.15625,-110.34375,-57.96875,0.0,0.0,0.0
231,1696258037860,-1.0488281,0.056640625,0.103515625,19.71875,-174.40625,-40.5,0.0,0.0,0.0
232,1696258037900,-0.7705078,-0.078125,0.10253906,39.84375,-159.40625,-38.125,168.3125,37.25,65.9375
233,1696258037940,-0.4423828,0.061523438,0.22070312,13.71875,-104.59375,-46.1875,0.0,0.0,0.0
234,1696258037980,-0.3017578,0.10449219,0.16992188,26.1875,-75.59375,-40.8125,0.0,0.0,0.0
235,1696258038020,-0.13769531,0.09082031,0.18554688,80.25,-15.1875,-26.09375,0.0,0.0,0.0
236,1696258038060,-0.1640625,-0.0625,0.28320312,48.6875,48.125,-2.59375,0.0,0.0,0.0
237,1696258038100,-0.7265625,-0.13964844,0.8105469,-24.34375,127.21875,-8.21875,0.0,0.0,0.0
238,1696258038140,-1.8632812,-0.0146484375,1.4775391,2.3125,7.03125,-5.34375,0.0,0.0,0.0
239,1696258038180,-0.55371094,0.049804688,0.9003906,114.1875,-103.4375,-7.0,0.0,0.0,0.0
240,1696258038220,-0.87890625,-0.45898438,0.19921875,20.5,24.3125,-0.09375,0.0,0.0,0.0
241,1696258038260,-1.9755859,0.2685547,0.7480469,-36.625,29.8125,14.53125,0.0,0.0,0.0
242,1696258038300,-0.21386719,0.7919922,0.15429688,10.875,-15.3125,-14.375,0.0,0.0,0.0
243,1696258038340,-0.5107422,-0.15234375,-0.18945312,-106.15625,118.4375,32.125,0.0,0.0,0.0
244,1696258038380,-1.5292969,-0.32617188,0.0234375,-58.40625,106.71875,52.75,-29.5625,54.8125,-221.875
245,1696258038420,-0.76171875,0.16796875,0.48046875,-40.21875,121.96875,17.0,0.0,0.0,0.0
246,1696258038460,-0.80859375,-0.13183594,0.095703125,-33.21875,124.46875,26.6875,0.0,0.0,0.0
247,1696258038500,-0.9326172,-0.076171875,-0.028320312,-21.125,119.71875,7.15625,0.0,0.0,0.0
248,1696258038540,-0.796875,-0.00390625,0.11035156,-0.75,98.15625,7.96875,0.0,0.0,0.0
249,1696258038580,-0.8955078,-0.033203125,0.057617188,-14.28125,96.8125,23.59375,0.0,0.0,0.0
250,1696258038620,-0.86035156,-0.005859375,0.06933594,-10.125,92.78125,27.4375,0.0,0.0,0.0
251,1696258038660,-1.0439453,0.08300781,0.043945312,-15.625,104.75,40.71875,0.0,0.0,0.0
252,1696258038700,-1.1503906,-0.07128906,0.04296875,-24.59375,47.5625,23.40625,0.0,0.0,0.0
253,1696258038740,-1.1572266,-0.057617188,0.12890625,-22.46875,23.46875,4.90625,0.0,0.0,0.0
254,1696258038780,-1.3291016,-0.23046875,0.033203125,-9.65625,7.34375,11.90625,0.0,0.0,0.0
255,1696258038820,-1.5888672,-0.064453125,-0.036132812,-20.9375,-33.78125,-2.4375,0.0,0.0,0.0
256,1696258038860,-1.2988281,0.083984375,0.015625,6.46875,-132.0625,-27.4375,0.0,0.0,0.0
257,1696258038900,-1.1044922,0.29882812,0.35351562,92.84375,-222.9375,-41.3125,-636.0,-77.9375,396.8125
258,1696258038940,-1.6298828,0.6542969,-0.09082031,32.40625,-166.0,-15.59375,0.0,0.0,0.0
259,1696258038980,-1.1152344,-0.07519531,0.23632812,-104.0,-136.6875,-40.8125,0.0,0.0,0.0
260,1696258039020,-1.3330078,0.23828125,0.001953125,-36.0625,-123.875,-64.6875,0.0,0.0,0.0
261,1696258039060,-0.6738281,-0.16210938,0.10839844,96.84375,-199.0625,-60.15625,0.0,0.0,0.0
262,1696258039100,-0.38378906,0.0146484375,0.1171875,65.4375,-109.96875,-53.875,0.0,0.0,0.0
263,1696258039140,-0.25097656,0.119140625,0.22070312,43.03125,-68.8125,-33.78125,0.0,0.0,0.0
264,1696258039180,-0.15332031,0.15527344,0.22558594,57.0625,-5.40625,-33.4375,0.0,0.0,0.0
265,1696258039220,-0.119140625,0.053710938,0.24804688,50.34375,55.5,-24.34375,0.0,0.0,0.0
266,1696258039260,-0.55859375,0.015625,0.68359375,-55.375,115.6875,-9.875,0.0,0.0,0.0
267,1696258039300,-1.84375,0.0087890625,1.4033203,-34.5,51.21875,0.375,0.0,0.0,0.0
268,1696258039340,-0.68066406,-0.078125,1.0332031,89.53125,-93.5,-8.46875,0.0,0.0,0.0
269,1696258039380,-0.14941406,-0.16210938,0.2705078,-22.59375,39.3125,-5.71875,-42.75,39.9375,-222.1875
270,1696258039420,-1.7324219,-0.1328125,0.68652344,-6.34375,115.25,5.5625,0.0,0.0,0.0
271,1696258039460,-1.3701172,0.671875,-0.049804688,-87.15625,-34.09375,-16.71875,0.0,0.0,0.0
272,1696258039500,0.46484375,0.5703125,0.34570312,25.3125,27.0625,28.875,0.0,0.0,0.0
273,1696258039540,-1.5507812,-0.42578125,-0.5107422,-153.375,125.6875,58.0,0.0,0.0,0.0
274,1696258039580,-1.1953125,-0.059570312,0.43554688,-31.9375,108.71875,34.625,0.0,0.0,0.0
275,1696258039620,-0.65625,0.037109375,0.18066406,-40.96875,112.25,33.78125,0.0,0.0,0.0
276,1696258039660,-0.8847656,-0.0107421875,-0.01953125,-22.84375,108.125,23.625,0.0,0.0,0.0
277,1696258039700,-0.9189453,-0.076171875,0.06738281,-8.71875,95.0,9.46875,0.0,0.0,0.0
278,1696258039740,-0.85546875,0.028320312,0.09277344,-6.09375,88.8125,16.25,0.0,0.0,0.0
279,1696258039780,-0.8486328,-0.0029296875,0.07324219,-15.4375,84.5,28.78125,0.0,0.0,0.0
280,1696258039820,-0.99902344,-0.041992188,0.02734375,-8.90625,95.28125,43.65625,0.0,0.0,0.0
281,1696258039860,-1.015625,0.022460938,0.10253906,-26.25,72.40625,33.96875,0.0,0.0,0.0
282,1696258039900,-1.2197266,-0.16210938,-0.005859375,-6.0,35.40625,19.84375,-121.1875,122.875,-49.875
283,1696258039940,-1.1816406,-0.009765625,0.111328125,-9.15625,17.96875,7.46875,0.0,0.0,0.0
284,1696258039980,-1.40625,-0.14453125,0.103515625,-19.90625,-8.84375,11.8125,0.0,0.0,0.0
285,1696258040020,-1.4277344,-0.06738281,-0.07910156,-40.96875,-68.78125,6.71875,0.0,0.0,0.0
286,1696258040060,-1.1367188,0.018554688,-0.036132812,47.96875,-155.875,-31.15625,0.0,0.0,0.0
287,1696258040100,-1.4902344,0.5332031,0.21386719,97.03125,-205.84375,-42.40625,0.0,0.0,0.0
288,1696258040140,-1.4394531,0.13183594,-0.16210938,-62.125,-132.4375,-29.71875,0.0,0.0,0.0
289,1696258040180,-1.2109375,0.14941406,0.22753906,-95.78125,-138.40625,-68.46875,0.0,0.0,0.0
290,1696258040220,-1.0732422,-0.056640625,0.14355469,37.78125,-179.96875,-71.875,0.0,0.0,0.0
291,1696258040260,-0.6123047,-0.12402344,0.07128906,96.5625,-130.46875,-71.5,0.0,0.0,0.0
292,1696258040300,-0.33398438,0.01171875,0.21875,68.1875,-101.125,-59.0625,0.0,0.0,0.0
293,1696258040340,-0.24023438,0.11328125,0.26757812,65.5,-53.75,-49.0625,0.0,0.0,0.0
294,1696258040380,-0.2421875,0.13085938,0.18652344,82.15625,12.71875,-49.53125,-5.25,66.8125,-216.625
295,1696258040420,-0.23925781,0.034179688,0.24414062,21.59375,85.21875,-32.09375,0.0,0.0,0.0
296,1696258040460,-0.6855469,-0.06933594,0.71484375,-37.71875,154.6875,-3.9375,0.0,0.0,0.0
297,1696258040500,-1.9755859,-0.22753906,1.5703125,22.875,4.21875,23.28125,0.0,0.0,0.0
298,1696258040540,-0.3857422,0.5078125,0.94628906,86.78125,-124.4375,-1.6875,0.0,0.0,0.0
299,1696258040580,-0.6660156,-0.01953125,0.3310547,37.21875,22.25,11.875,0.0,0.0,0.0
300,1696258040620,-1.9755859,0.18652344,1.0029297,-29.46875,15.78125,48.65625,0.0,0.0,0.0
301,1696258040660,0.009765625,0.8203125,0.07128906,-11.84375,-25.25,-38.375,0.0,0.0,0.0
302,1696258040700,-0.3955078,-0.064453125,-0.052734375,-79.71875,108.1875,45.125,0.0,0.0,0.0
303,1696258040740,-1.6650391,-0.31152344,-0.14746094,-69.59375,113.90625,71.75,0.0,0.0,0.0
304,1696258040780,-0.7919922,0.078125,0.4453125,-28.8125,131.96875,16.4375,0.0,0.0,0.0
305,1696258040820,-0.7910156,-0.03125,0.08496094,-31.4375,134.0,19.3125,0.0,0.0,0.0
306,1696258040860,-0.8808594,0.01171875,-0.016601562,-22.53125,120.03125,9.0,0.0,0.0,0.0
307,1696258040900,-0.77246094,-0.051757812,0.043945312,-19.0625,95.65625,9.78125,-39.4375,87.8125,-143.4375
308,1696258040940,-0.8408203,-0.11035156,0.12695312,-25.5625,101.15625,13.375,0.0,0.0,0.0
309,1696258040980,-1.0263672,0.01171875,0.08984375,-18.4375,112.3125,39.9375,0.0,0.0,0.0
310,1696258041020,-1.0185547,0.04296875,0.038085938,-32.21875,79.5625,38.90625,0.0,0.0,0.0
311,1696258041060,-1.2539062,-0.040039062,0.032226562,-22.28125,34.6875,26.8125,0.0,0.0,0.0
312,1696258041100,-1.2617188,-0.11816406,0.103515625,-16.25,19.0,6.0,0.0,0.0,0.0
313,1696258041140,-1.5761719,-0.24414062,0.015625,-12.40625,-10.34375,8.1875,0.0,0.0,0.0
314,1696258041180,-1.5234375,0.12890625,0.16308594,-73.125,-105.15625,-5.21875,0.0,0.0,0.0
315,1696258041220,-1.0673828,0.0107421875,0.022460938,93.625,-167.875,-43.5,0.0,0.0,0.0
316,1696258041260,-1.4140625,0.42382812,0.009765625,130.625,-218.71875,-31.84375,0.0,0.0,0.0
317,1696258041300,-1.4521484,0.125,-0.041015625,-45.96875,-145.125,-21.15625,0.0,0.0,0.0
318,1696258041340,-1.3251953,0.20019531,0.053710938,-74.34375,-156.28125,-64.875,0.0,0.0,0.0
319,1696258041380,-0.9785156,-0.024414062,0.078125,36.1875,-199.75,-71.75,55.375,1.5625,84.8125
320,1696258041420,-0.49609375,0.078125,0.11425781,77.625,-129.125,-76.8125,0.0,0.0,0.0
321,1696258041460,-0.20019531,0.08886719,0.29101562,67.8125,-90.90625,-56.9375,0.0,0.0,0.0
322,1696258041500,-0.14746094,0.12207031,0.119140625,73.96875,-21.9375,-52.34375,0.0,0.0,0.0
323,1696258041540,-0.15527344,0.064453125,0.103515625,81.65625,36.46875,-32.5,0.0,0.0,0.0
324,1696258041580,-0.40039062,0.029296875,0.33007812,-3.25,99.4375,-5.0625,0.0,0.0,0.0
325,1696258041620,-1.2792969,-0.203125,1.0791016,-67.8125,134.46875,-19.15625,0.0,0.0,0.0
326,1696258041660,-1.9755859,-0.4658203,1.4912109,35.03125,-23.53125,18.28125,0.0,0.0,0.0
327,1696258041700,0.19628906,0.047851562,0.6328125,149.71875,-84.03125,-1.03125,0.0,0.0,0.0
328,1696258041740,-1.1796875,-0.6191406,0.25683594,-11.71875,78.09375,11.90625,0.0,0.0,0.0
329,1696258041780,-1.9755859,0.2783203,0.3125,-43.8125,8.5625,-16.9375,0.0,0.0,0.0
330,1696258041820,0.22949219,0.9580078,0.36035156,89.96875,-6.21875,-0.59375,0.0,0.0,0.0
331,1696258041860,-1.2373047,-0.34960938,-0.6894531,-179.21875,169.9375,50.96875,0.0,0.0,0.0
332,1696258041900,-1.5966797,-0.22753906,0.16308594,-48.71875,100.53125,63.8125,-29.125,54.3125,-228.625
333,1696258041940,-0.6113281,0.119140625,0.45507812,-23.6875,124.46875,3.75,0.0,0.0,0.0
334,1696258041980,-0.8339844,-0.15234375,0.060546875,-18.25,110.25,28.59375,0.0,0.0,0.0
335,1696258042020,-0.9628906,-0.06347656,0.016601562,-2.875,105.96875,9.59375,0.0,0.0,0.0
336,1696258042060,-0.734375,0.029296875,0.0390625,-11.90625,96.28125,3.75,0.0,0.0,0.0
337,1696258042100,-0.8876953,-0.0859375,0.11230469,-7.34375,96.03125,14.25,0.0,0.0,0.0
338,1696258042140,-0.90234375,0.07910156,-0.0126953125,8.0625,96.9375,35.40625,0.0,0.0,0.0
339,1696258042180,-1.0175781,0.19042969,0.09277344,-34.5625,98.15625,43.46875,0.0,0.0,0.0
340,1696258042220,-1.2460938,-0.072265625,0.0029296875,-19.90625,52.3125,28.03125,0.0,0.0,0.0
341,1696258042260,-1.1845703,-0.22265625,0.038085938,-16.53125,24.875,10.34375,0.0,0.0,0.0
342,1696258042300,-1.5390625,-0.25390625,-0.021484375,1.9375,-1.3125,4.96875,0.0,0.0,0.0
343,1696258042340,-1.7861328,-0.005859375,0.14453125,-120.78125,-138.78125,1.125,0.0,0.0,0.0
344,1696258042380,-1.1435547,0.015625,-0.020507812,97.09375,-132.5625,-57.71875,-666.4375,250.6875,501.6875
345,1696258042420,-1.3867188,0.328125,0.25,79.28125,-213.3125,-54.375,0.0,0.0,0.0
346,1696258042460,-1.3720703,0.296875,-0.1796875,4.75,-145.5,-37.625,0.0,0.0,0.0
347,1696258042500,-1.3193359,-0.055664062,0.09472656,-40.71875,-142.375,-77.8125,0.0,0.0,0.0
348,1696258042540,-1.2089844,-0.0009765625,-0.0234375,59.03125,-189.125,-75.65625,0.0,0.0,0.0
349,1696258042580,-0.6689453,0.04296875,0.11621094,98.9375,-142.1875,-64.625,0.0,0.0,0.0
350,1696258042620,-0.3984375,0.20800781,0.36914062,39.375,-81.34375,-47.90625,0.0,0.0,0.0
351,1696258042660,-0.296875,0.20996094,0.15039062,55.59375,-47.84375,-34.28125,0.0,0.0,0.0
352,1696258042700,-0.19726562,0.044921875,0.01953125,63.28125,-4.375,-6.875,0.0,0.0,0.0
353,1696258042740,-0.31054688,-0.07128906,0.14257812,32.15625,47.125,27.59375,0.0,0.0,0.0
354,1696258042780,-0.8300781,0.0009765625,0.8046875,-18.6875,117.40625,-1.15625,0.0,0.0,0.0
355,1696258042820,-1.6708984,0.14941406,1.3623047,22.03125,3.9375,0.9375,0.0,0.0,0.0
356,1696258042860,-0.8408203,-0.48632812,0.72753906,-29.78125,-77.5625,-16.15625,0.0,0.0,0.0
357,1696258042900,-0.31445312,-0.078125,0.45214844,115.21875,29.5625,-14.4375,-20.6875,56.0,-230.875
358,1696258042940,-1.6972656,0.32226562,0.4609375,-17.21875,66.25,30.0,0.0,0.0,0.0
359,1696258042980,-0.8486328,0.30078125,0.16894531,-22.34375,-46.5,-12.625,0.0,0.0,0.0
360,1696258043020,-0.20117188,0.24121094,0.1015625,-27.65625,44.625,4.46875,0.0,0.0,0.0
361,1696258043060,-1.3486328,-0.296875,-0.12207031,-61.34375,76.625,55.25,0.0,0.0,0.0
362,1696258043100,-0.9824219,0.17578125,0.35742188,-23.6875,94.5,24.875,0.0,0.0,0.0
363,1696258043140,-0.8232422,0.056640625,0.28125,-55.375,105.4375,17.34375,0.0,0.0,0.0
364,1696258043180,-0.8408203,-0.11035156,0.14648438,-51.8125,101.28125,12.34375,0.0,0.0,0.0
365,1696258043220,-0.8251953,-0.140625,0.2109375,-32.78125,71.84375,-3.46875,0.0,0.0,0.0
366,1696258043260,-0.7324219,-0.13769531,0.22363281,-30.59375,69.96875,1.1875,0.0,0.0,0.0
367,1696258043300,-0.75878906,-0.07128906,0.07128906,-33.6875,58.5,11.0,0.0,0.0,0.0
368,1696258043340,-0.7578125,-0.0068359375,0.16113281,-11.125,63.75,21.6875,0.0,0.0,0.0
369,1696258043380,-0.8613281,0.040039062,0.11035156,-29.59375,66.0,45.625,20.25,281.75,65.1875
370,1696258043420,-0.9355469,0.10644531,0.022460938,-55.125,51.46875,55.25,0.0,0.0,0.0
371,1696258043460,-1.015625,-0.09375,0.072265625,-28.5625,46.09375,50.625,0.0,0.0,0.0
372,1696258043500,-1.1455078,-0.2529297,0.24511719,-20.28125,29.1875,57.5625,0.0,0.0,0.0
373,1696258043540,-1.9755859,-0.15429688,-0.09667969,5.1875,-17.625,61.65625,0.0,0.0,0.0
374,1696258043580,-1.6523438,-0.0234375,0.24902344,4.4375,-96.96875,-10.1875,0.0,0.0,0.0
375,1696258043620,-1.4785156,0.11621094,-0.07910156,46.0625,-96.65625,-78.59375,0.0,0.0,0.0
376,1696258043660,-1.5068359,0.4921875,0.14746094,-18.875,-83.46875,-75.53125,0.0,0.0,0.0
377,1696258043700,-1.2177734,0.46875,0.23730469,-39.25,-116.5,-78.59375,0.0,0.0,0.0
378,1696258043740,-1.2167969,0.123046875,-0.16015625,49.125,-142.25,-99.46875,0.0,0.0,0.0
379,1696258043780,-0.8769531,-0.12597656,-0.025390625,146.25,-174.34375,-81.65625,0.0,0.0,0.0
380,1696258043820,-0.56347656,0.28808594,0.21972656,87.34375,-144.9375,-53.75,0.0,0.0,0.0
381,1696258043860,-0.39941406,0.39648438,0.18847656,63.71875,-97.4375,-65.78125,0.0,0.0,0.0
382,1696258043900,-0.32421875,0.07324219,0.080078125,38.8125,-57.65625,-45.5625,67.375,138.625,-196.125
383,1696258043940,-0.27148438,-0.1796875,0.22363281,33.6875,-15.65625,-20.375,0.0,0.0,0.0
384,1696258043980,-0.41015625,-0.09082031,0.6142578,32.71875,51.34375,-8.78125,0.0,0.0,0.0
385,1696258044020,-0.87597656,-0.32714844,1.2109375,42.21875,97.25,-16.28125,0.0,0.0,0.0
386,1696258044060,-1.6611328,-0.4873047,1.1875,85.1875,0.9375,-7.125,0.0,0.0,0.0
387,1696258044100,-0.52246094,0.01171875,0.7207031,37.90625,-2.0,-28.4375,0.0,0.0,0.0
388,1696258044140,-1.9755859,0.42578125,-0.017578125,8.25,51.03125,43.15625,0.0,0.0,0.0
389,1696258044180,-0.26367188,0.86621094,-0.020507812,-7.6875,-41.46875,-6.875,0.0,0.0,0.0
390,1696258044220,0.21582031,0.23242188,-0.15917969,-93.6875,59.78125,30.78125,0.0,0.0,0.0
391,1696258044260,-1.8291016,-0.5214844,-0.265625,-123.125,131.25,81.1875,0.0,0.0,0.0
392,1696258044300,-0.9589844,-0.0546875,0.43652344,-42.65625,117.5,28.15625,0.0,0.0,0.0
393,1696258044340,-0.65527344,-0.10546875,0.19726562,-25.09375,135.09375,44.875,0.0,0.0,0.0
394,1696258044380,-0.8154297,0.0703125,-0.028320312,-24.25,118.96875,30.78125,-19.8125,96.0625,-155.4375
395,1696258044420,-0.87890625,-0.05859375,0.0234375,-6.21875,95.28125,11.625,0.0,0.0,0.0
396,1696258044460,-0.7919922,0.0009765625,0.19335938,-42.0,100.4375,15.875,0.0,0.0,0.0
397,1696258044500,-0.92089844,0.041992188,-0.036132812,-16.90625,101.71875,37.625,0.0,0.0,0.0
398,1696258044540,-1.0712891,0.064453125,0.1015625,-32.0625,94.0,39.8125,0.0,0.0,0.0
399,1696258044580,-1.3271484,-0.17675781,0.12695312,-22.03125,47.75,29.6875,0.0,0.0,0.0
400,1696258044620,-1.3681641,-0.140625,0.15722656,-24.84375,16.8125,8.125,0.0,0.0,0.0
401,1696258044660,-1.6142578,-0.19824219,0.2783203,-33.21875,-35.125,-1.8125,0.0,0.0,0.0
402,1696258044700,-1.5009766,-0.11621094,-0.25097656,58.03125,-84.5625,-43.0625,0.0,0.0,0.0
403,1696258044740,-1.1962891,0.42089844,0.22265625,76.40625,-195.0625,-53.03125,0.0,0.0,0.0
404,1696258044780,-1.5488281,0.49414062,-0.18457031,67.875,-204.9375,-18.15625,0.0,0.0,0.0
405,1696258044820,-1.1933594,0.08886719,0.04296875,-97.71875,-120.34375,-45.625,0.0,0.0,0.0
406,1696258044860,-1.5136719,-0.05859375,0.072265625,-80.625,-131.5625,-109.59375,0.0,0.0,0.0
407,1696258044900,-0.83496094,-0.08886719,-0.052734375,92.9375,-152.1875,-85.90625,191.375,12.3125,130.875
408,1696258044940,-0.3173828,-0.0048828125,0.068359375,133.46875,-128.75,-65.84375,0.0,0.0,0.0
409,1696258044980,-0.2783203,0.18261719,0.1875,89.71875,-78.84375,-51.5625,0.0,0.0,0.0
410,1696258045020,-0.12597656,0.1484375,0.19433594,79.71875,-30.5,-49.3125,0.0,0.0,0.0
411,1696258045060,-0.07519531,0.13574219,0.15136719,63.15625,17.65625,-14.875,0.0,0.0,0.0
412,1696258045100,-0.44726562,0.09277344,0.5390625,-16.125,101.03125,1.65625,0.0,0.0,0.0
413,1696258045140,-1.6035156,-0.08984375,1.4882812,-7.6875,49.59375,-18.53125,0.0,0.0,0.0
414,1696258045180,-1.7529297,-0.20898438,1.4921875,21.0,-59.1875,1.96875,0.0,0.0,0.0
415,1696258045220,-0.0078125,-0.049804688,0.4033203,124.75,-3.15625,-16.53125,0.0,0.0,0.0
416,1696258045260,-1.3085938,0.14746094,0.7714844,-33.375,63.4375,-4.5,0.0,0.0,0.0
417,1696258045300,-0.64453125,0.86035156,0.049804688,-101.375,66.5,4.65625,0.0,0.0,0.0
418,1696258045340,-0.703125,0.19921875,0.41308594,-9.53125,25.28125,88.15625,0.0,0.0,0.0
419,1696258045380,-1.0791016,-0.43847656,-0.3232422,-126.15625,144.4375,32.375,-18.3125,40.8125,-221.0
420,1696258045420,-1.0527344,-0.12402344,0.3330078,-23.125,103.53125,41.8125,0.0,0.0,0.0
421,1696258045460,-0.57128906,0.19042969,0.35058594,-42.25,141.3125,12.28125,0.0,0.0,0.0
422,1696258045500,-0.74121094,-0.025390625,-0.005859375,-36.625,139.5625,16.25,0.0,0.0,0.0
423,1696258045540,-1.0410156,-0.18945312,0.11816406,10.875,115.4375,14.96875,0.0,0.0,0.0
424,1696258045580,-0.75097656,0.09863281,0.087890625,-3.71875,107.125,15.875,0.0,0.0,0.0
425,1696258045620,-0.8876953,0.051757812,-0.045898438,-1.40625,95.84375,30.59375,0.0,0.0,0.0
426,1696258045660,-1.0302734,0.13574219,0.046875,-18.9375,95.1875,39.21875,0.0,0.0,0.0
427,1696258045700,-1.1464844,0.09375,0.13085938,-27.40625,63.8125,27.4375,0.0,0.0,0.0
428,1696258045740,-1.2861328,-0.033203125,0.171875,-39.875,35.96875,6.5,0.0,0.0,0.0
429,1696258045780,-1.4541016,-0.3515625,0.041992188,-24.59375,-1.25,6.1875,0.0,0.0,0.0
430,1696258045820,-1.6503906,-0.22265625,-0.029296875,-14.71875,-54.46875,-24.34375,0.0,0.0,0.0
431,1696258045860,-1.2109375,-0.045898438,-0.018554688,37.21875,-166.3125,-44.0625,0.0,0.0,0.0
432,1696258045900,-1.4296875,0.46289062,0.076171875,126.28125,-236.78125,-34.90625,-382.3125,67.6875,394.125
433,1696258045940,-1.4072266,0.5332031,0.048828125,-15.375,-136.28125,-18.84375,0.0,0.0,0.0
434,1696258045980,-1.3056641,0.14160156,0.07421875,-99.125,-140.78125,-59.1875,0.0,0.0,0.0
435,1696258046020,-1.0351562,-0.009765625,0.12207031,45.03125,-229.15625,-64.0,0.0,0.0,0.0
436,1696258046060,-0.515625,-0.11816406,0.028320312,71.34375,-166.375,-59.0625,0.0,0.0,0.0
437,1696258046100,-0.20410156,0.0625,0.14453125,56.625,-115.65625,-51.25,0.0,0.0,0.0
438,1696258046140,-0.099609375,0.13476562,0.13671875,63.90625,-51.625,-42.59375,0.0,0.0,0.0
439,1696258046180,-0.03125,0.12109375,0.18164062,77.09375,14.84375,-34.78125,0.0,0.0,0.0
440,1696258046220,-0.35546875,0.053710938,0.44921875,22.15625,88.15625,-12.4375,0.0,0.0,0.0
441,1696258046260,-1.5068359,-0.17871094,1.1523438,-52.5625,106.21875,-33.5,0.0,0.0,0.0
442,1696258046300,-1.9755859,-0.3779297,1.5322266,31.125,-65.84375,8.875,0.0,0.0,0.0
443,1696258046340,0.040039062,-0.22265625,0.4921875,132.875,-48.125,22.28125,0.0,0.0,0.0
444,1696258046380,-1.3652344,-0.07128906,0.7470703,9.28125,117.75,-25.0625,-28.1875,37.6875,-207.1875
445,1696258046420,-1.6298828,0.75683594,-0.043945312,-109.125,31.8125,6.5625,0.0,0.0,0.0
446,1696258046460,0.07128906,0.58203125,0.5,31.4375,0.9375,52.4375,0.0,0.0,0.0
447,1696258046500,-1.4736328,-0.48339844,-0.4189453,-117.25,146.4375,66.5,0.0,0.0,0.0
448,1696258046540,-1.1259766,-0.016601562,0.1953125,-71.65625,126.59375,40.90625,0.0,0.0,0.0
449,1696258046580,-0.27929688,1.7753906,0.7207031,-9.65625,120.875,-78.34375,0.0,0.0,0.0
450,1696258046620,-0.7470703,-0.051757812,0.020507812,-70.25,131.1875,29.75,0.0,0.0,0.0
451,1696258046660,-1.0488281,-0.29003906,-0.037109375,-14.90625,125.03125,20.78125,0.0,0.0,0.0
452,1696258046700,-0.6826172,-0.0009765625,0.026367188,-39.375,128.375,13.09375,0.0,0.0,0.0
453,1696258046740,-0.9189453,0.046875,0.03515625,-14.53125,108.46875,30.90625,0.0,0.0,0.0
454,1696258046780,-1.1347656,0.020507812,0.064453125,-27.21875,102.125,45.375,0.0,0.0,0.0
455,1696258046820,-1.2392578,-0.06738281,0.0390625,-24.84375,63.0625,30.65625,0.0,0.0,0.0
456,1696258046860,-1.3095703,-0.03125,0.051757812,-45.34375,27.59375,-0.09375,0.0,0.0,0.0
457,1696258046900,-1.3730469,-0.123046875,0.072265625,-35.96875,2.34375,-2.0625,-77.6875,71.5625,-91.6875
458,1696258046940,-1.6679688,-0.14453125,0.11328125,-24.90625,-33.84375,-0.96875,0.0,0.0,0.0
459,1696258046980,-1.3701172,-0.12011719,-0.21289062,-17.21875,-150.1875,-9.9375,0.0,0.0,0.0
460,1696258047020,-1.2617188,0.032226562,0.056640625,59.5,-218.65625,-35.5625,0.0,0.0,0.0
461,1696258047060,-1.546875,0.6201172,0.015625,141.46875,-155.5625,-36.78125,0.0,0.0,0.0
462,1696258047100,-1.1855469,0.05859375,0.1484375,-66.65625,-130.09375,-65.78125,0.0,0.0,0.0
463,1696258047140,-1.1425781,0.2578125,0.0029296875,-9.09375,-198.59375,-55.21875,0.0,0.0,0.0
464,1696258047180,-0.7841797,-0.20019531,0.0234375,60.96875,-176.90625,-72.84375,0.0,0.0,0.0
465,1696258047220,-0.37695312,0.07324219,0.19921875,43.03125,-147.9375,-61.03125,0.0,0.0,0.0
466,1696258047260,-0.20507812,0.16992188,0.1484375,60.65625,-91.40625,-45.5,0.0,0.0,0.0
467,1696258047300,-0.06640625,0.13769531,0.05859375,98.625,-27.8125,-15.25,0.0,0.0,0.0
468,1696258047340,-0.38476562,-0.095703125,0.34277344,57.5,44.6875,10.53125,0.0,0.0,0.0
469,1696258047380,-0.7890625,0.028320312,1.3251953,-20.6875,89.6875,-17.9375,-9.4375,47.875,-209.3125
470,1696258047420,-1.5878906,-0.57421875,1.5078125,-29.96875,21.25,-0.15625,0.0,0.0,0.0
471,1696258047460,-0.10546875,-0.29589844,0.56152344,89.09375,-36.34375,-18.84375,0.0,0.0,0.0
472,1696258047500,-0.4716797,0.14160156,0.30273438,5.5,133.125,-24.875,0.0,0.0,0.0
473,1696258047540,-1.9755859,1.3271484,0.73535156,-74.71875,34.375,108.71875,0.0,0.0,0.0
474,1696258047580,0.5751953,0.46875,0.3232422,23.90625,-68.21875,24.1875,0.0,0.0,0.0
475,1696258047620,-1.1044922,-0.6035156,-0.5986328,-148.1875,189.46875,53.84375,0.0,0.0,0.0
476,1696258047660,-1.8935547,-0.3544922,0.13867188,-38.40625,122.59375,46.53125,0.0,0.0,0.0
477,1696258047700,-0.53125,0.2705078,0.5361328,-9.21875,145.34375,-22.5625,0.0,0.0,0.0
478,1696258047740,-0.66015625,0.028320312,0.15136719,-24.28125,115.6875,9.28125,0.0,0.0,0.0
479,1696258047780,-0.875,-0.095703125,-0.040039062,-28.5625,133.1875,3.5625,0.0,0.0,0.0
480,1696258047820,-0.7285156,-0.01953125,-0.01171875,-28.9375,128.5,5.4375,0.0,0.0,0.0
481,1696258047860,-1.0224609,0.041992188,0.095703125,-5.75,116.78125,29.25,0.0,0.0,0.0
482,1696258047900,-0.97558594,0.20507812,0.08300781,-12.8125,98.46875,51.59375,2.6875,107.4375,150.375
483,1696258047940,-1.2070312,0.064453125,0.17773438,-33.21875,63.625,42.5,0.0,0.0,0.0
484,1696258047980,-1.2099609,-0.072265625,0.0859375,-38.8125,35.53125,10.75,0.0,0.0,0.0
485,1696258048020,-1.5351562,-0.21875,-0.03515625,-26.5,-12.90625,-0.21875,0.0,0.0,0.0
486,1696258048060,-1.6669922,-0.15429688,-0.047851562,4.625,-61.125,-25.875,0.0,0.0,0.0
487,1696258048100,-1.1367188,0.046875,0.0546875,44.6875,-188.03125,-42.03125,0.0,0.0,0.0
488,1696258048140,-1.5800781,0.59277344,0.16894531,103.28125,-220.25,-32.40625,0.0,0.0,0.0
489,1696258048180,-1.2207031,0.08984375,-0.23632812,-25.15625,-143.90625,-18.21875,0.0,0.0,0.0
490,1696258048220,-1.3212891,0.044921875,0.08496094,-106.3125,-153.96875,-63.34375,0.0,0.0,0.0
491,1696258048260,-0.96191406,0.08300781,0.07910156,62.0625,-221.90625,-78.84375,0.0,0.0,0.0
492,1696258048300,-0.4609375,0.009765625,0.06738281,81.28125,-147.0,-71.875,0.0,0.0,0.0
493,1696258048340,-0.20996094,0.09863281,0.14160156,69.03125,-101.46875,-58.75,0.0,0.0,0.0
494,1696258048380,-0.18359375,0.1875,0.13574219,61.59375,-41.84375,-48.3125,36.0,82.25,-215.4375
495,1696258048420,-0.10449219,0.11816406,0.17480469,57.5,21.125,-27.75,0.0,0.0,0.0
496,1696258048460,-0.3017578,0.03125,0.296875,-22.40625,91.75,4.0625,0.0,0.0,0.0
497,1696258048500,-1.1337891,-0.27929688,0.9628906,-71.0625,143.6875,-4.6875,0.0,0.0,0.0
498,1696258048540,-1.9755859,-0.61328125,1.5556641,30.21875,-32.375,32.3125,0.0,0.0,0.0
499,1696258048580,0.10644531,0.17773438,0.74316406,138.59375,-81.21875,13.375,0.0,0.0,0.0
500,1696258048620,-1.7392578,-0.11425781,0.01953125,-44.5,65.375,30.53125,0.0,0.0,0.0
501,1696258048660,-0.6230469,0.58691406,-0.14550781,-32.46875,-30.875,-37.9375,0.0,0.0,0.0
502,1696258048700,-0.037109375,0.32226562,0.3486328,22.59375,-12.3125,51.84375,0.0,0.0,0.0
503,1696258048740,-1.6923828,-0.49121094,-0.33984375,-134.09375,142.53125,56.84375,0.0,0.0,0.0
504,1696258048780,-1.0136719,-0.033203125,0.27441406,-43.59375,112.15625,18.28125,0.0,0.0,0.0
505,1696258048820,-0.69140625,0.17089844,0.30273438,-40.71875,141.25,14.125,0.0,0.0,0.0
506,1696258048860,-0.84472656,-0.026367188,0.018554688,-44.375,151.09375,24.8125,0.0,0.0,0.0
507,1696258048900,-0.8964844,-0.046875,-0.041992188,-11.84375,130.5625,14.1875,-19.1875,86.875,-153.625
508,1696258048940,-0.7783203,0.07519531,-0.017578125,-22.78125,112.9375,26.375,0.0,0.0,0.0
509,1696258048980,-0.82910156,0.068359375,0.095703125,-7.8125,101.8125,43.0625,0.0,0.0,0.0
510,1696258049020,-1.1113281,0.109375,0.03125,-34.6875,93.09375,51.28125,0.0,0.0,0.0
511,1696258049060,-1.1865234,0.080078125,0.005859375,-47.5625,61.25,27.1875,0.0,0.0,0.0
512,1696258049100,-1.1787109,-0.5126953,0.09667969,-152.15625,-75.90625,28.03125,0.0,0.0,0.0
513,1696258049140,-1.2900391,-0.20898438,0.3232422,20.625,15.9375,2.875,0.0,0.0,0.0
514,1696258049180,-1.7998047,-0.21875,-0.078125,13.375,-34.78125,-17.125,0.0,0.0,0.0
515,1696258049220,-1.234375,-0.07714844,-0.0009765625,4.875,-174.90625,-43.1875,0.0,0.0,0.0
516,1696258049260,-1.7001953,0.35253906,0.44433594,69.5,-230.75,-44.0625,0.0,0.0,0.0
517,1696258049300,-1.3330078,0.2734375,-0.33203125,28.6875,-144.4375,-21.15625,0.0,0.0,0.0
518,1696258049340,-1.2695312,0.12597656,0.19726562,-115.65625,-139.3125,-69.1875,0.0,0.0,0.0
519,1696258049380,-0.921875,0.083984375,0.0546875,88.4375,-248.6875,-72.3125,57.0,-65.1875,50.3125
520,1696258049420,-0.6328125,-0.0078125,0.11816406,94.71875,-138.59375,-77.96875,0.0,0.0,0.0
521,1696258049460,-0.25585938,0.10546875,0.21289062,69.15625,-90.125,-70.96875,0.0,0.0,0.0
522,1696258049500,-0.29882812,0.12695312,0.20117188,80.4375,-63.40625,-66.5625,0.0,0.0,0.0
523,1696258049540,-0.18554688,-0.022460938,0.20410156,75.25,7.21875,-56.0,0.0,0.0,0.0
524,1696258049580,-0.24511719,0.0078125,0.10253906,14.28125,84.5,-21.71875,0.0,0.0,0.0
525,1696258049620,-0.6425781,0.07910156,0.70996094,-24.90625,137.21875,-2.1875,0.0,0.0,0.0
526,1696258049660,-1.8173828,-0.0068359375,1.5322266,28.4375,30.71875,14.25,0.0,0.0,0.0
527,1696258049700,-0.6230469,-0.16113281,0.9042969,79.59375,-96.78125,-10.84375,0.0,0.0,0.0
528,1696258049740,-0.25976562,-0.3173828,0.3642578,33.875,37.0,-24.09375,0.0,0.0,0.0
529,1696258049780,-1.9755859,0.24707031,0.4658203,-76.90625,115.5,1.96875,0.0,0.0,0.0
530,1696258049820,-0.42285156,0.7988281,0.09765625,29.0625,-65.96875,-35.375,0.0,0.0,0.0
531,1696258049860,0.5341797,0.3701172,0.07324219,-70.375,84.6875,46.21875,0.0,0.0,0.0
532,1696258049900,-1.8701172,-0.5253906,-0.29296875,-120.1875,106.65625,85.78125,-19.1875,42.8125,-219.5
533,1696258049940,-0.9892578,-0.078125,0.5292969,-23.25,127.71875,15.28125,0.0,0.0,0.0
534,1696258049980,-0.59765625,0.041992188,0.0234375,-31.875,111.84375,28.59375,0.0,0.0,0.0
535,1696258050020,-0.96972656,0.0078125,0.0,-11.78125,117.875,16.75,0.0,0.0,0.0
536,1696258050060,-0.8232422,-0.025390625,0.005859375,-7.6875,114.59375,7.96875,0.0,0.0,0.0
537,1696258050100,-0.8408203,0.056640625,0.09472656,-15.03125,97.0,18.375,0.0,0.0,0.0
538,1696258050140,-0.8623047,0.009765625,0.1015625,-8.0625,96.8125,42.6875,0.0,0.0,0.0
539,1696258050180,-1.0332031,0.06933594,0.017578125,-29.1875,92.5,51.46875,0.0,0.0,0.0
540,1696258050220,-1.1962891,-0.036132812,0.032226562,-29.3125,49.59375,33.65625,0.0,0.0,0.0
541,1696258050260,-1.2509766,-0.16210938,0.053710938,-27.28125,24.125,10.625,0.0,0.0,0.0
542,1696258050300,-1.3935547,-0.080078125,0.11425781,-59.28125,-24.5,8.6875,0.0,0.0,0.0
543,1696258050340,-1.5175781,-0.028320312,0.034179688,6.84375,-29.75,-12.1875,-403.3125,-82.0,591.0625
544,1696258050380,-1.2197266,-0.021484375,-0.043945312,-17.40625,-154.15625,-31.0625,0.0,0.0,0.0
545,1696258050420,-1.3007812,0.3251953,0.29492188,79.03125,-210.90625,-48.875,0.0,0.0,0.0
546,1696258050460,-1.6328125,0.36035156,-0.02734375,5.96875,-156.21875,-27.75,0.0,0.0,0.0
547,1696258050500,-1.1748047,0.103515625,0.1328125,-102.1875,-139.75,-86.28125,0.0,0.0,0.0
548,1696258050540,-1.2578125,-0.072265625,0.0234375,42.28125,-166.53125,-73.90625,0.0,0.0,0.0
549,1696258050580,-0.7451172,-0.14355469,0.125,89.71875,-148.40625,-69.25,0.0,0.0,0.0
550,1696258050620,-0.359375,0.13085938,0.18945312,52.0,-105.09375,-61.6875,0.0,0.0,0.0
551,1696258050660,-0.17871094,0.21875,0.18066406,45.59375,-67.0625,-44.96875,0.0,0.0,0.0
552,1696258050700,-0.03125,0.140625,0.083984375,63.09375,-7.5,-31.15625,0.0,0.0,0.0
553,1696258050740,-0.18652344,0.020507812,0.22753906,22.625,65.34375,-1.03125,0.0,0.0,0.0
554,1696258050780,-0.8935547,-0.27539062,0.88671875,-43.28125,127.59375,-3.15625,0.0,0.0,0.0
555,1696258050820,-1.9755859,-0.5751953,1.4628906,34.78125,-8.21875,14.65625,0.0,0.0,0.0
556,1696258050860,-0.16796875,-0.17578125,0.9033203,118.03125,-77.6875,-5.09375,0.0,0.0,0.0
557,1696258050900,-0.9863281,-0.234375,0.25878906,23.8125,88.71875,7.78125,-35.125,28.375,-200.75
558,1696258050940,-1.9755859,0.62597656,0.73339844,-101.75,48.0,21.875,0.0,0.0,0.0
559,1696258050980,0.31933594,0.7519531,0.30078125,54.5625,-34.59375,-34.71875,0.0,0.0,0.0
560,1696258051020,-1.0439453,-0.30566406,-0.6767578,-137.75,177.75,80.84375,0.0,0.0,0.0
561,1696258051060,-1.6425781,-0.22265625,0.12207031,-41.1875,107.25,61.34375,0.0,0.0,0.0
562,1696258051100,-0.5439453,0.07910156,0.35839844,-48.53125,140.53125,8.3125,0.0,0.0,0.0
563,1696258051140,-0.8847656,-0.028320312,-0.0390625,-35.46875,112.4375,30.53125,0.0,0.0,0.0
564,1696258051180,-0.91796875,-0.16113281,0.043945312,4.09375,109.21875,19.96875,0.0,0.0,0.0
565,1696258051220,-0.7294922,0.037109375,-0.0126953125,19.03125,104.5625,22.90625,0.0,0.0,0.0
566,1696258051260,-0.8769531,0.032226562,0.21386719,-21.90625,95.90625,21.25,0.0,0.0,0.0
567,1696258051300,-1.0517578,0.021484375,-0.0107421875,-21.4375,105.5625,38.09375,0.0,0.0,0.0
568,1696258051340,-1.0117188,0.057617188,0.059570312,-30.28125,54.03125,33.09375,0.0,0.0,0.0
569,1696258051380,-1.1376953,-0.12011719,0.034179688,-28.3125,25.78125,14.1875,-84.625,72.5,-95.0
570,1696258051420,-1.2695312,-0.19238281,-0.01171875,-9.46875,18.34375,-0.71875,0.0,0.0,0.0
571,1696258051460,-1.5595703,-0.07519531,-0.06738281,-9.09375,-16.875,-1.8125,0.0,0.0,0.0
572,1696258051500,-1.3115234,0.083984375,0.28320312,49.8125,-59.4375,-6.15625,0.0,0.0,0.0
573,1696258051540,-1.1367188,0.13769531,0.037109375,65.375,-192.90625,-45.03125,0.0,0.0,0.0
574,1696258051580,-1.5390625,0.7988281,-0.02734375,69.625,-172.28125,-34.59375,0.0,0.0,0.0
575,1696258051620,-1.2910156,-0.051757812,0.052734375,-87.96875,-132.3125,-25.5625,0.0,0.0,0.0
576,1696258051660,-1.0517578,0.28808594,-0.022460938,-40.34375,-164.34375,-65.28125,0.0,0.0,0.0
577,1696258051700,-1.0253906,-0.21191406,0.1875,52.65625,-170.5,-61.5,0.0,0.0,0.0
578,1696258051740,-0.54003906,0.06542969,0.1875,67.25,-127.46875,-67.96875,0.0,0.0,0.0
579,1696258051780,-0.2626953,0.12402344,0.24121094,35.8125,-95.4375,-44.78125,0.0,0.0,0.0
580,1696258051820,-0.109375,0.16210938,0.14550781,54.875,-26.53125,-44.0625,0.0,0.0,0.0
581,1696258051860,-0.0859375,0.08300781,0.13769531,55.90625,25.90625,-11.9375,0.0,0.0,0.0
582,1696258051900,-0.4296875,-0.05859375,0.4921875,-28.1875,100.78125,3.0625,-9.4375,57.5,-207.9375
583,1696258051940,-1.5068359,-0.31054688,1.4814453,-13.75,98.53125,-20.71875,0.0,0.0,0.0
584,1696258051980,-1.8320312,-0.42285156,1.3916016,32.28125,-49.90625,0.75,0.0,0.0,0.0
585,1696258052020,0.22167969,-0.009765625,0.49609375,110.65625,-7.125,-22.9375,0.0,0.0,0.0
586,1696258052060,-1.2197266,0.20605469,0.23046875,-62.4375,111.34375,16.1875,0.0,0.0,0.0
587,1696258052100,-1.9345703,0.46289062,0.32128906,-35.46875,-35.375,16.3125,0.0,0.0,0.0
588,1696258052140,0.0009765625,0.4921875,0.3046875,-8.3125,25.65625,28.78125,0.0,0.0,0.0
589,1696258052180,-1.3457031,-0.40039062,-0.5732422,-143.6875,131.125,56.46875,0.0,0.0,0.0
590,1696258052220,-1.3046875,-0.115234375,0.3720703,-15.3125,115.1875,41.34375,0.0,0.0,0.0
591,1696258052260,-0.5625,0.115234375,0.2685547,-58.21875,134.84375,14.375,0.0,0.0,0.0
592,1696258052300,-0.94921875,-0.033203125,0.0078125,-26.96875,117.5,32.3125,0.0,0.0,0.0
593,1696258052340,-0.84765625,-0.072265625,0.078125,-15.875,104.75,9.28125,0.0,0.0,0.0
594,1696258052380,-0.78808594,0.0146484375,-0.037109375,-16.78125,103.84375,14.90625,-23.5625,111.1875,-109.25
595,1696258052420,-0.796875,-0.005859375,0.22265625,-19.78125,94.6875,22.65625,0.0,0.0,0.0
596,1696258052460,-1.0566406,-0.02734375,0.034179688,-12.75,88.28125,45.90625,0.0,0.0,0.0
597,1696258052500,-1.0556641,-0.0126953125,0.13476562,-36.0,56.125,31.8125,0.0,0.0,0.0
598,1696258052540,-1.1308594,-0.0859375,0.016601562,-25.03125,22.1875,15.875,0.0,0.0,0.0
599,1696258052580,-1.2832031,-0.18066406,-0.06542969,-2.6875,8.375,2.28125,0.0,0.0,0.0
600,1696258052620,-1.5175781,-0.033203125,-0.025390625,-1.96875,-25.75,-16.875,0.0,0.0,0.0
601,1696258052660,-1.4423828,-0.07519531,-0.020507812,6.15625,-126.5625,-28.375,0.0,0.0,0.0
602,1696258052700,-1.234375,0.24121094,0.3720703,57.625,-219.65625,-34.34375,0.0,0.0,0.0
603,1696258052740,-1.6035156,0.9472656,0.047851562,34.90625,-151.28125,-27.375,0.0,0.0,0.0
604,1696258052780,-1.171875,-0.07910156,0.14453125,-64.15625,-137.90625,-55.09375,0.0,0.0,0.0
605,1696258052820,-1.4121094,0.060546875,0.043945312,22.75,-152.8125,-41.96875,0.0,0.0,0.0
606,1696258052860,-0.6982422,-0.09082031,0.115234375,73.0625,-181.1875,-37.59375,0.0,0.0,0.0
607,1696258052900,-0.34179688,0.040039062,0.14453125,40.34375,-119.5,-49.46875,71.25,119.75,-131.625
608,1696258052940,-0.1953125,0.08203125,0.19140625,31.625,-86.28125,-40.375,0.0,0.0,0.0
609,1696258052980,-0.11230469,0.10058594,0.17675781,64.4375,-21.78125,-34.28125,0.0,0.0,0.0
610,1696258053020,-0.032226562,0.076171875,0.35253906,41.375,63.125,-24.40625,0.0,0.0,0.0
611,1696258053060,-0.55859375,-0.10058594,0.8017578,-58.90625,148.59375,-8.46875,0.0,0.0,0.0
612,1696258053100,-1.9345703,-0.14550781,1.3759766,0.71875,19.125,7.53125,0.0,0.0,0.0
613,1696258053140,-0.5546875,-0.080078125,1.0107422,125.90625,-102.34375,-16.65625,0.0,0.0,0.0
614,1696258053180,-0.8339844,-0.061523438,0.3720703,41.9375,40.90625,19.5,0.0,0.0,0.0
615,1696258053220,-1.9755859,0.43945312,0.6796875,-63.0625,16.375,19.0,0.0,0.0,0.0
616,1696258053260,-0.18066406,0.71484375,0.43164062,28.375,-21.90625,-14.9375,0.0,0.0,0.0
617,1696258053300,-1.109375,-0.19433594,-0.4482422,-139.71875,161.40625,54.03125,0.0,0.0,0.0
618,1696258053340,-1.3320312,-0.2626953,0.036132812,-33.6875,112.9375,48.84375,0.0,0.0,0.0
619,1696258053380,-0.6269531,0.20214844,0.51464844,-46.34375,125.875,19.0,-28.0625,54.625,-215.125
620,1696258053420,-0.85839844,-0.13769531,0.024414062,-56.65625,128.125,35.96875,0.0,0.0,0.0
621,1696258053460,-0.9707031,-0.24707031,-0.021484375,-4.8125,120.375,16.125,0.0,0.0,0.0
622,1696258053500,-0.7080078,-0.021484375,-0.08300781,-6.09375,118.375,8.8125,0.0,0.0,0.0
623,1696258053540,-0.8515625,0.018554688,0.18261719,-14.46875,99.5625,16.0625,0.0,0.0,0.0
624,1696258053580,-1.078125,-0.0146484375,0.078125,-13.25,97.875,36.46875,0.0,0.0,0.0
625,1696258053620,-0.953125,0.13476562,0.10253906,-38.875,76.8125,36.59375,0.0,0.0,0.0
626,1696258053660,-1.15625,-0.052734375,0.021484375,-29.71875,30.46875,29.125,0.0,0.0,0.0
627,1696258053700,-1.1484375,-0.16796875,0.020507812,-23.375,20.71875,2.9375,0.0,0.0,0.0
628,1696258053740,-1.7753906,-0.047851562,0.17382812,-174.5625,-129.875,24.96875,0.0,0.0,0.0
629,1696258053780,-1.6025391,-0.107421875,-0.06542969,67.1875,-22.25,-20.84375,0.0,0.0,0.0
630,1696258053820,-1.1806641,0.0546875,0.0078125,44.3125,-173.1875,-43.0,0.0,0.0,0.0
631,1696258053860,-1.5771484,0.7050781,0.0546875,111.5625,-199.25,-36.34375,-225.875,-18.5625,70.0
632,1696258053900,-1.3945312,0.12011719,-0.059570312,-52.5625,-146.65625,-12.4375,0.0,0.0,0.0
633,1696258053940,-1.1923828,0.23730469,0.13671875,-48.90625,-183.375,-50.53125,0.0,0.0,0.0
634,1696258053980,-1.0205078,-0.037109375,-0.0087890625,6.71875,-188.28125,-58.09375,0.0,0.0,0.0
635,1696258054020,-0.49804688,0.033203125,0.14648438,93.625,-139.375,-68.9375,0.0,0.0,0.0
636,1696258054060,-0.22363281,0.07324219,0.19238281,54.125,-107.28125,-42.21875,0.0,0.0,0.0
637,1696258054100,-0.15234375,0.13769531,0.22070312,53.03125,-33.4375,-33.84375,0.0,0.0,0.0
638,1696258054140,-0.10644531,0.11816406,0.14160156,57.75,50.3125,-30.25,0.0,0.0,0.0
639,1696258054180,-0.24414062,0.10644531,0.36523438,-13.75,118.71875,-8.28125,0.0,0.0,0.0
640,1696258054220,-1.2167969,-0.35546875,1.0585938,-32.0,150.46875,-10.1875,0.0,0.0,0.0
641,1696258054260,-1.9755859,-0.48632812,1.6054688,1.28125,-30.75,27.5,0.0,0.0,0.0
642,1696258054300,0.51171875,-0.30859375,0.7548828,106.625,-56.5625,-13.40625,0.0,0.0,0.0
643,1696258054340,-1.5625,0.1796875,0.3701172,-29.46875,81.4375,26.875,0.0,0.0,0.0
644,1696258054380,-1.0722656,0.27148438,-0.36621094,-54.4375,-53.09375,-40.875,-39.75,35.4375,-212.4375
645,1696258054420,0.41308594,0.5078125,0.049804688,26.0,45.90625,31.21875,0.0,0.0,0.0
646,1696258054460,-1.8583984,-0.30078125,-0.22363281,-108.28125,117.28125,74.375,0.0,0.0,0.0
647,1696258054500,-0.9667969,0.05078125,0.4453125,-68.3125,119.09375,32.5625,0.0,0.0,0.0
648,1696258054540,-0.7167969,-0.12695312,0.15625,-52.625,116.90625,22.84375,0.0,0.0,0.0
649,1696258054580,-0.9267578,-0.171875,0.0048828125,-19.65625,108.53125,23.34375,0.0,0.0,0.0
650,1696258054620,-0.83984375,-0.076171875,0.024414062,12.15625,96.28125,9.46875,0.0,0.0,0.0
651,1696258054660,-0.88964844,0.061523438,0.18261719,1.78125,91.03125,14.1875,0.0,0.0,0.0
652,1696258054700,-0.8515625,0.0126953125,0.060546875,-8.3125,88.78125,24.3125,0.0,0.0,0.0
653,1696258054740,-1.0068359,0.036132812,0.0107421875,-13.3125,93.21875,40.3125,0.0,0.0,0.0
654,1696258054780,-1.0732422,0.041015625,0.08984375,-29.1875,58.96875,37.375,0.0,0.0,0.0
655,1696258054820,-1.1396484,-0.099609375,0.087890625,-21.625,30.21875,17.40625,0.0,0.0,0.0
656,1696258054860,-1.2382812,-0.22070312,0.046875,-11.96875,7.03125,14.53125,0.0,0.0,0.0
657,1696258054900,-1.5302734,-0.18066406,-0.022460938,1.46875,-39.34375,-8.09375,-156.3125,109.5625,-0.6875
658,1696258054940,-1.4160156,0.08105469,-0.020507812,40.21875,-140.96875,-32.75,0.0,0.0,0.0
659,1696258054980,-1.3886719,0.3173828,0.26171875,94.78125,-229.65625,-39.28125,0.0,0.0,0.0
660,1696258055020,-1.7246094,0.63378906,0.08886719,-44.6875,-168.625,-35.3125,0.0,0.0,0.0
661,1696258055060,-1.1054688,-0.041015625,0.11425781,-97.21875,-135.0625,-54.84375,0.0,0.0,0.0
662,1696258055100,-1.390625,0.034179688,0.099609375,-24.65625,-106.5,-85.6875,0.0,0.0,0.0
663,1696258055140,-0.60839844,-0.21777344,0.034179688,151.25,-212.5,-66.5,0.0,0.0,0.0
664,1696258055180,-0.34375,0.0048828125,0.14257812,105.78125,-107.9375,-61.3125,0.0,0.0,0.0
665,1696258055220,-0.24316406,0.20800781,0.22265625,76.78125,-56.5,-54.96875,0.0,0.0,0.0
666,1696258055260,-0.12597656,0.14941406,0.18847656,93.9375,-10.28125,-43.5625,0.0,0.0,0.0
667,1696258055300,-0.171875,0.11621094,0.1328125,35.6875,36.21875,-16.03125,0.0,0.0,0.0
668,1696258055340,-0.51660156,0.107421875,0.5410156,-66.21875,105.1875,-14.6875,0.0,0.0,0.0
669,1696258055380,-1.7070312,-0.3701172,1.4736328,-12.28125,80.96875,-6.03125,-29.25,43.8125,-197.125
670,1696258055420,-1.4882812,-0.375,1.3515625,43.34375,-72.4375,15.34375,0.0,0.0,0.0
671,1696258055460,-0.15625,0.037109375,0.46679688,129.625,-5.28125,-5.53125,0.0,0.0,0.0
672,1696258055500,-1.6640625,-0.016601562,0.55371094,-95.875,97.4375,14.4375,0.0,0.0,0.0
673,1696258055540,-0.8642578,0.83691406,-0.25878906,-106.6875,-23.59375,-31.90625,0.0,0.0,0.0
674,1696258055580,-0.046875,0.44628906,0.33203125,20.75,20.65625,52.03125,0.0,0.0,0.0
675,1696258055620,-1.6259766,-0.47558594,-0.5625,-174.875,143.5,51.46875,0.0,0.0,0.0
676,1696258055660,-1.0556641,0.0126953125,0.390625,-55.78125,109.53125,36.6875,0.0,0.0,0.0
677,1696258055700,-0.5859375,0.125,0.26660156,-86.25,138.03125,11.25,0.0,0.0,0.0
678,1696258055740,-1.0292969,-0.24511719,-0.01171875,-60.78125,136.3125,43.15625,0.0,0.0,0.0
679,1696258055780,-0.90527344,-0.072265625,0.10058594,-22.34375,106.40625,16.8125,0.0,0.0,0.0
680,1696258055820,-0.72265625,0.09277344,0.057617188,-35.21875,92.5,16.5625,0.0,0.0,0.0
681,1696258055860,-0.9921875,-0.020507812,0.08105469,-25.8125,84.1875,20.21875,0.0,0.0,0.0
682,1696258055900,-0.91308594,0.1171875,0.14257812,-37.78125,89.0,39.5,-78.875,77.875,-51.0625
683,1696258055940,-1.0078125,-0.27148438,-0.055664062,-36.6875,71.1875,49.8125,0.0,0.0,0.0
684,1696258055980,-1.1396484,-0.15527344,0.0,-28.75,43.96875,13.03125,0.0,0.0,0.0
685,1696258056020,-1.3115234,-0.19628906,-0.19726562,-24.65625,4.46875,12.71875,0.0,0.0,0.0
686,1696258056060,-1.4677734,0.04296875,0.23828125,8.125,-1.625,2.9375,0.0,0.0,0.0
687,1696258056100,-1.6630859,-0.046875,0.0234375,-39.5,-87.8125,-15.46875,0.0,0.0,0.0
688,1696258056140,-1.2089844,0.0,-0.00390625,51.3125,-208.84375,-49.53125,0.0,0.0,0.0
689,1696258056180,-1.9277344,0.46484375,0.16992188,88.3125,-273.1875,-49.25,0.0,0.0,0.0
690,1696258056220,-1.3886719,0.26757812,0.16992188,-55.84375,-147.875,-70.46875,0.0,0.0,0.0
691,1696258056260,-1.5537109,0.06542969,0.10546875,-34.125,-228.96875,-69.875,0.0,0.0,0.0
692,1696258056300,-0.9453125,-0.07910156,0.083984375,88.5625,-265.46875,-66.9375,0.0,0.0,0.0
693,1696258056340,-0.28515625,0.0048828125,0.072265625,175.21875,-236.1875,-43.1875,0.0,0.0,0.0
694,1696258056380,-0.029296875,0.13085938,0.16210938,139.34375,-163.625,-34.03125,11.875,52.25,-226.5625
695,1696258056420,-0.009765625,0.1953125,0.3046875,103.75,-82.6875,-20.90625,0.0,0.0,0.0
696,1696258056460,-0.057617188,0.1640625,0.31347656,37.15625,-22.125,-20.5,0.0,0.0,0.0
697,1696258056500,-0.01171875,0.087890625,0.6953125,0.78125,99.625,-28.125,0.0,0.0,0.0
698,1696258056540,-0.47460938,0.18554688,1.5117188,-6.90625,105.84375,-24.46875,0.0,0.0,0.0
699,1696258056580,-0.9716797,-0.48632812,1.4433594,58.65625,-71.4375,-31.53125,0.0,0.0,0.0
700,1696258056620,0.38183594,0.3779297,0.14453125,43.75,114.09375,-61.625,0.0,0.0,0.0
701,1696258056660,-1.9755859,1.5019531,2.0146484,-9.78125,160.84375,79.5625,0.0,0.0,0.0
702,1696258056700,1.0488281,0.734375,0.43847656,-71.59375,32.625,-101.0,0.0,0.0,0.0
703,1696258056740,-0.2109375,-0.028320312,-0.20117188,-93.3125,105.90625,-26.21875,0.0,0.0,0.0
704,1696258056780,-1.8027344,-0.13574219,0.40429688,-85.15625,121.0,87.40625,0.0,0.0,0.0
705,1696258056820,-0.8076172,0.095703125,0.5107422,-34.6875,134.0625,-0.90625,0.0,0.0,0.0
706,1696258056860,-0.43652344,0.19726562,0.33691406,-119.15625,164.28125,42.5625,0.0,0.0,0.0
707,1696258056900,-0.8261719,-0.2998047,0.1484375,-86.0625,165.90625,43.53125,-17.125,54.5,-199.25
708,1696258056940,-1.0332031,-0.2685547,-0.057617188,-17.21875,130.4375,22.84375,0.0,0.0,0.0
709,1696258056980,-0.7324219,0.11035156,0.26660156,17.5625,119.15625,6.375,0.0,0.0,0.0
710,1696258057020,-0.75,0.22167969,0.2626953,-30.8125,115.125,18.6875,0.0,0.0,0.0
711,1696258057060,-0.8701172,-0.15332031,-0.23339844,-62.0625,122.28125,26.3125,0.0,0.0,0.0
712,1696258057100,-1.0830078,0.0068359375,0.12402344,-40.53125,104.9375,37.75,0.0,0.0,0.0
713,1696258057140,-1.2705078,-0.171875,0.109375,-12.5625,48.1875,38.65625,0.0,0.0,0.0
714,1696258057180,-1.2802734,-0.10839844,0.1953125,-21.0625,16.25,8.625,0.0,0.0,0.0
715,1696258057220,-1.5996094,-0.27441406,-0.045898438,20.625,-29.09375,15.09375,0.0,0.0,0.0
716,1696258057260,-1.5107422,-0.017578125,-0.140625,16.78125,-118.25,-21.34375,0.0,0.0,0.0
717,1696258057300,-1.3134766,0.22265625,0.22460938,91.84375,-210.625,-27.09375,0.0,0.0,0.0
718,1696258057340,-1.5195312,0.45703125,0.020507812,-16.25,-200.125,-49.0,0.0,0.0,0.0
719,1696258057380,-1.1777344,0.107421875,0.047851562,-66.28125,-130.90625,-63.75,-130.1875,-353.9375,325.875
720,1696258057420,-1.4306641,-0.10839844,0.10058594,7.5,-125.21875,-104.84375,0.0,0.0,0.0
721,1696258057460,-0.6142578,-0.13867188,-0.05078125,146.1875,-202.4375,-84.5625,0.0,0.0,0.0
722,1696258057500,-0.3544922,0.078125,0.12792969,117.625,-129.4375,-75.40625,0.0,0.0,0.0
723,1696258057540,-0.3046875,0.17578125,0.23144531,81.53125,-79.375,-71.75,0.0,0.0,0.0
724,1696258057580,-0.15722656,0.14648438,0.25,65.0625,-34.21875,-72.25,0.0,0.0,0.0
725,1696258057620,-0.109375,0.1484375,0.25195312,32.65625,30.46875,-38.6875,0.0,0.0,0.0
726,1696258057660,-0.39746094,-0.068359375,0.44335938,-32.15625,114.65625,7.34375,0.0,0.0,0.0
727,1696258057700,-1.4208984,-0.375,1.296875,29.90625,83.03125,19.96875,0.0,0.0,0.0
728,1696258057740,-1.9755859,-0.140625,1.8945312,35.40625,-46.4375,22.34375,0.0,0.0,0.0
729,1696258057780,0.034179688,-0.17480469,0.30371094,128.53125,-18.65625,-3.15625,0.0,0.0,0.0
730,1696258057820,-1.34375,0.0703125,0.5859375,-94.5,66.78125,-17.6875,0.0,0.0,0.0
731,1696258057860,-0.6933594,1.1679688,0.56640625,17.4375,18.6875,-16.71875,0.0,0.0,0.0
732,1696258057900,-0.7792969,0.022460938,0.095703125,-105.40625,117.9375,57.40625,-31.1875,32.3125,-201.5
733,1696258057940,-1.1826172,-0.4814453,-0.19140625,-95.03125,129.59375,60.5625,0.0,0.0,0.0
734,1696258057980,-0.89941406,0.06542969,0.44140625,-48.28125,136.6875,9.65625,0.0,0.0,0.0
735,1696258058020,-0.7421875,-0.17480469,0.07128906,-33.15625,148.28125,19.625,0.0,0.0,0.0
736,1696258058060,-0.9873047,-0.09667969,0.025390625,24.71875,122.875,27.5,0.0,0.0,0.0
737,1696258058100,-0.6894531,0.14941406,0.068359375,9.28125,105.25,18.5,0.0,0.0,0.0
738,1696258058140,-0.84765625,0.10449219,0.024414062,-36.875,101.9375,25.59375,0.0,0.0,0.0
739,1696258058180,-0.90625,0.059570312,0.07128906,-45.40625,110.875,47.03125,0.0,0.0,0.0
740,1696258058220,-1.15625,-0.0087890625,0.0107421875,-40.65625,73.15625,36.03125,0.0,0.0,0.0
741,1696258058260,-1.2910156,-0.07421875,0.087890625,-47.0625,41.84375,8.0625,0.0,0.0,0.0
742,1696258058300,-1.4082031,-0.22363281,0.07519531,-29.78125,3.375,5.8125,0.0,0.0,0.0
743,1696258058340,-1.8818359,-0.359375,-0.38964844,-20.5625,-43.6875,-1.375,0.0,0.0,0.0
744,1696258058380,-0.9716797,0.10839844,0.40820312,58.40625,-103.5625,-31.34375,-755.8125,325.8125,518.5
745,1696258058420,-1.3945312,0.09277344,0.07421875,133.53125,-214.6875,-57.28125,0.0,0.0,0.0
746,1696258058460,-1.7802734,0.5654297,-0.10839844,52.3125,-159.71875,-31.0625,0.0,0.0,0.0
747,1696258058500,-1.1621094,-0.091796875,0.37597656,-41.875,-159.53125,-57.21875,0.0,0.0,0.0
748,1696258058540,-1.1865234,0.19433594,-0.05859375,-36.0,-206.65625,-51.25,0.0,0.0,0.0
749,1696258058580,-0.62109375,-0.076171875,0.072265625,67.5,-158.25,-71.15625,0.0,0.0,0.0
750,1696258058620,-0.29003906,0.068359375,0.11035156,62.96875,-114.40625,-68.78125,0.0,0.0,0.0
751,1696258058660,-0.203125,0.15527344,0.18457031,57.96875,-73.71875,-55.09375,0.0,0.0,0.0
752,1696258058700,-0.037109375,0.18164062,0.11621094,68.0,-0.03125,-56.5,0.0,0.0,0.0
753,1696258058740,-0.08496094,0.13085938,0.26757812,37.15625,74.4375,-18.0,0.0,0.0,0.0
754,1696258058780,-0.8828125,-0.37695312,0.9902344,-39.8125,144.4375,0.03125,0.0,0.0,0.0
755,1696258058820,-1.9755859,-0.3935547,1.8837891,-12.75,15.9375,23.03125,0.0,0.0,0.0
756,1696258058860,0.045898438,-0.30371094,0.07324219,34.3125,-97.625,0.5625,0.0,0.0,0.0
757,1696258058900,-1.7978516,0.09375,0.4140625,37.71875,94.125,45.96875,-16.625,54.0625,-222.8125
758,1696258058940,-1.3828125,0.54589844,-0.3232422,-100.78125,-19.28125,-19.8125,0.0,0.0,0.0
759,1696258058980,0.44726562,0.44140625,0.35742188,19.65625,27.84375,24.125,0.0,0.0,0.0
