,timestamp,accel_x,accel_y,accel_z,gyro_x,gyro_y,gyro_z,ind
0,1696245338627,-0.026855469,-0.98321533,0.06072998,-0.34375,-3.390625,-1.46875,0
1,1696245338667,-0.03100586,-0.9951782,0.062927246,0.375,-2.21875,-1.578125,1
2,1696245338707,-0.0056152344,-0.9783325,0.073913574,-1.734375,-3.15625,-1.59375,2
3,1696245338747,-0.03515625,-0.9885864,0.055114746,-3.828125,-2.8125,-1.75,3
4,1696245338787,-0.02709961,-0.98028564,0.070495605,-4.71875,-2.078125,-0.796875,4
5,1696245338827,-0.030761719,-0.9963989,0.08074951,-2.546875,-2.5625,0.015625,5
6,1696245338867,-0.03930664,-0.9927368,0.07342529,-1.140625,-2.609375,0.015625,6
7,1696245338907,-0.03173828,-0.9692993,0.094177246,-1.828125,-2.078125,0.21875,7
8,1696245338947,-0.051513672,-1.0054321,0.07952881,-2.453125,-1.0625,0.625,8
9,1696245338987,-0.012451172,-0.98760986,0.08148193,-2.859375,-1.59375,-0.71875,9
10,1696245339027,-0.048583984,-0.98516846,0.08856201,-2.0625,-1.3125,0.265625,10
11,1696245339067,-0.04736328,-0.9963989,0.08782959,-0.28125,-0.34375,0.28125,11
12,1696245339107,-0.02368164,-0.9751587,0.09564209,-1.25,-0.890625,-0.125,12
13,1696245339147,-0.040771484,-0.9949341,0.09100342,-1.4375,-0.703125,-0.046875,13
14,1696245339187,-0.024414062,-0.97784424,0.1083374,-1.453125,-0.34375,-0.109375,14
15,1696245339227,-0.03564453,-0.991272,0.09661865,-0.6875,-0.15625,0.015625,15
16,1696245339267,-0.021240234,-0.98809814,0.0848999,-1.015625,-1.1875,0.296875,16
17,1696245339307,-0.035888672,-0.9746704,0.09295654,-3.296875,-0.25,-0.34375,17
18,1696245339347,-0.04638672,-0.9949341,0.11444092,-0.109375,0.125,0.40625,18
19,1696245339387,-0.033447266,-0.9829712,0.109069824,-1.578125,-0.109375,-0.59375,19
20,1696245339427,-0.05859375,-0.9829712,0.10687256,-1.953125,-0.5625,0.4375,20
21,1696245339467,-0.015380859,-0.9973755,0.117614746,-1.1875,0.046875,-0.015625,21
22,1696245339507,-0.020996094,-0.98272705,0.10076904,0.171875,-1.609375,0.28125,22
23,1696245339547,-0.044921875,-0.989563,0.09881592,-0.34375,-1.015625,0.09375,23
24,1696245339587,-0.03149414,-0.96759033,0.11053467,0.109375,-0.875,0.671875,24
25,1696245339627,-0.044189453,-0.9951782,0.105163574,0.203125,-1.546875,0.203125,25
26,1696245339667,-0.032470703,-0.97906494,0.11663818,-0.390625,-0.859375,-0.21875,26
27,1696245339707,-0.033935547,-0.98760986,0.10882568,-0.171875,-0.5625,0.421875,27
28,1696245339747,-0.045898438,-0.9824829,0.113708496,0.3125,-0.5625,0.03125,28
29,1696245339787,-0.041259766,-0.9873657,0.11004639,0.234375,-0.265625,0.296875,29
30,1696245339827,-0.032714844,-0.986145,0.113464355,1.28125,-0.390625,0.6875,30
31,1696245339867,-0.040039062,-0.9973755,0.109069824,0.78125,-0.46875,0.59375,31
32,1696245339907,-0.028320312,-0.9663696,0.116882324,0.625,-0.296875,0.640625,32
33,1696245339947,-0.053710938,-0.9937134,0.08782959,0.5,-0.578125,1.046875,33
34,1696245339987,-0.01953125,-1.0115356,0.11517334,2.0625,0.15625,0.828125,34
35,1696245340027,-0.021240234,-0.98443604,0.07684326,-2.046875,-0.78125,-0.625,35
36,1696245340067,-0.036621094,-0.96710205,0.117126465,0.40625,0.3125,0.328125,36
37,1696245340107,-0.05078125,-1.0029907,0.113464355,1.734375,-0.625,0.6875,37
38,1696245340147,-0.036376953,-0.99005127,0.10272217,-0.53125,1.078125,0.109375,38
39,1696245340187,-0.026611328,-0.9788208,0.09613037,-0.359375,-0.265625,-0.28125,39
40,1696245340227,-0.03173828,-0.9907837,0.09515381,-1.046875,0.09375,0.203125,40
41,1696245340267,-0.015625,-0.9846802,0.10101318,-0.046875,-0.390625,0.109375,41
42,1696245340307,-0.041259766,-0.9849243,0.10491943,0.1875,-0.28125,0.1875,42
43,1696245340347,-0.030273438,-0.9829712,0.101989746,0.71875,-0.296875,0.484375,43
44,1696245340387,-0.03466797,-0.98931885,0.10101318,0.296875,-0.359375,0.625,44
45,1696245340427,-0.036865234,-0.98516846,0.09637451,0.359375,-0.984375,0.890625,45
46,1696245340467,-0.029052734,-0.98760986,0.10394287,0.671875,0.1875,0.109375,46
47,1696245340507,-0.020263672,-0.9949341,0.098083496,-0.109375,-0.578125,0.0,47
48,1696245340547,-0.03540039,-0.9834595,0.09881592,0.609375,-0.4375,0.546875,48
49,1696245340587,-0.032958984,-0.9841919,0.09246826,0.34375,-0.421875,0.234375,49
50,1696245340627,-0.041015625,-0.99176025,0.09906006,-0.515625,0.0,0.703125,50
51,1696245340667,-0.032958984,-0.9846802,0.10003662,2.1875,0.484375,0.59375,51
52,1696245340707,-0.032470703,-0.991272,0.08709717,2.390625,0.3125,0.828125,52
53,1696245340747,-0.017089844,-0.97247314,0.11004639,2.734375,0.28125,0.703125,53
54,1696245340787,-0.037841797,-1.000061,0.06951904,0.359375,0.515625,0.828125,54
55,1696245340827,-0.016357422,-0.9746704,0.08026123,1.28125,0.84375,-0.5,55
56,1696245340867,-0.045654297,-1.0054321,0.08660889,1.359375,0.375,0.78125,56
57,1696245340907,-0.03491211,-0.9849243,0.081726074,1.03125,1.109375,0.078125,57
58,1696245340947,-0.026123047,-0.9998169,0.089538574,2.25,1.78125,0.546875,58
59,1696245340987,-0.04736328,-0.98760986,0.07611084,1.640625,0.375,1.296875,59
60,1696245341027,-0.0107421875,-0.9961548,0.07611084,0.609375,1.46875,0.0625,60
61,1696245341067,-0.015380859,-0.98443604,0.070739746,-0.484375,-0.09375,0.0625,61
62,1696245341107,-0.03955078,-0.9854126,0.08880615,0.328125,-0.046875,0.9375,62
63,1696245341147,-0.030761719,-1.0010376,0.0758667,0.359375,-0.546875,0.703125,63
64,1696245341187,-0.014404297,-0.97491455,0.07293701,-0.25,-0.546875,0.453125,64
65,1696245341227,-0.022705078,-0.9902954,0.07904053,-0.390625,-0.5625,0.4375,65
66,1696245341267,-0.029785156,-0.9924927,0.082458496,0.421875,-0.4375,0.625,66
67,1696245341307,-0.020996094,-0.9939575,0.07757568,-0.015625,-0.421875,0.453125,67
68,1696245341347,-0.032470703,-0.9937134,0.08148193,-0.40625,-0.671875,0.3125,68
69,1696245341387,-0.017333984,-0.99542236,0.08416748,-0.375,-0.34375,-0.109375,69
70,1696245341427,-0.026611328,-0.9924927,0.077819824,-0.375,-1.09375,0.265625,70
71,1696245341467,-0.024169922,-0.9907837,0.08734131,0.21875,-1.09375,0.296875,71
72,1696245341507,-0.041748047,-0.98931885,0.09637451,0.5,-1.953125,0.515625,72
73,1696245341547,-0.016357422,-0.99468994,0.09613037,-0.15625,-0.96875,-0.1875,73
74,1696245341587,-0.018554688,-0.9944458,0.058044434,-1.578125,-1.9375,0.15625,74
75,1696245341627,-0.0234375,-0.97369385,0.08074951,-3.625,-2.15625,-0.21875,75
76,1696245341667,-0.029541016,-1.0015259,0.09881592,-1.546875,-1.25,-0.03125,76
77,1696245341707,-0.027832031,-0.98565674,0.093933105,-2.3125,-0.984375,-0.28125,77
78,1696245341747,-0.015380859,-0.97198486,0.10076904,-1.0625,-1.125,0.40625,78
79,1696245341787,-0.036376953,-0.99102783,0.09124756,-1.640625,-1.375,0.703125,79
80,1696245341827,-0.022216797,-0.99005127,0.089538574,-1.140625,-1.625,0.03125,80
81,1696245341867,-0.025146484,-0.98101807,0.094177246,-0.859375,-1.53125,-0.28125,81
82,1696245341907,-0.032470703,-0.9841919,0.09954834,-0.703125,-0.875,-0.109375,82
83,1696245341947,-0.034179688,-0.9834595,0.093688965,-0.578125,-1.421875,0.28125,83
84,1696245341987,-0.026367188,-0.99176025,0.105895996,-0.640625,-1.0,-0.109375,84
85,1696245342027,-0.027832031,-0.98565674,0.10736084,-1.1875,-0.828125,-0.046875,85
86,1696245342067,-0.03100586,-0.9812622,0.105407715,-0.515625,-1.078125,0.609375,86
87,1696245342107,-0.041503906,-1.000061,0.10003662,0.328125,-1.28125,0.21875,87
88,1696245342147,-0.021484375,-0.9927368,0.09686279,-0.890625,-1.34375,-0.59375,88
89,1696245342187,-0.03540039,-0.97857666,0.10272217,-1.125,-1.5,0.09375,89
90,1696245342227,-0.03955078,-0.98931885,0.11663818,0.171875,-0.96875,0.21875,90
91,1696245342267,-0.042236328,-0.99468994,0.097595215,-0.03125,-0.84375,0.453125,91
92,1696245342307,-0.030273438,-0.9793091,0.11224365,-0.125,-0.3125,0.1875,92
93,1696245342347,-0.018798828,-0.9898071,0.11126709,-0.46875,-0.03125,0.4375,93
94,1696245342387,-0.022949219,-0.9924927,0.08148193,-1.5625,-0.78125,0.34375,94
95,1696245342427,-0.03515625,-0.97003174,0.12957764,-1.171875,-0.640625,-0.5,95
96,1696245342467,-0.03857422,-0.9866333,0.11785889,0.53125,-0.1875,0.53125,96
97,1696245342507,-0.028808594,-0.9841919,0.10223389,-1.296875,-0.65625,-0.4375,97
98,1696245342547,-0.030029297,-0.98394775,0.11151123,-0.3125,-0.34375,0.046875,98
99,1696245342587,-0.038330078,-0.9915161,0.101501465,-0.578125,-0.515625,0.375,99
100,1696245342627,-0.030029297,-0.97857666,0.10296631,0.71875,-0.84375,0.1875,100
101,1696245342667,-0.032958984,-1.0022583,0.10272217,0.609375,-0.703125,-0.140625,101
102,1696245342707,-0.021728516,-0.98443604,0.10345459,-0.421875,-0.5,-0.234375,102
103,1696245342747,-0.037109375,-0.9805298,0.11248779,0.265625,-1.234375,-0.09375,103
104,1696245342787,-0.03173828,-0.9890747,0.11444092,0.9375,-0.78125,0.09375,104
105,1696245342827,-0.025390625,-0.9898071,0.11517334,1.0,-0.8125,0.1875,105
106,1696245342867,-0.046875,-0.98223877,0.097839355,0.171875,-0.921875,0.46875,106
107,1696245342907,-0.029052734,-0.98809814,0.1071167,0.9375,-0.609375,0.375,107
108,1696245342947,-0.03515625,-0.99664307,0.10321045,1.515625,-0.46875,0.328125,108
109,1696245342987,-0.030029297,-0.9939575,0.10443115,1.125,0.015625,0.296875,109
110,1696245343027,-0.033935547,-0.9961548,0.09857178,0.96875,-0.78125,0.609375,110
111,1696245343067,-0.0390625,-0.9859009,0.11956787,3.015625,-0.359375,0.828125,111
112,1696245343107,-0.020751953,-0.9898071,0.07733154,-0.03125,1.046875,0.59375,112
113,1696245343147,-0.020507812,-0.97052,0.09979248,0.8125,-0.046875,0.5625,113
114,1696245343187,-0.045166016,-1.0061646,0.09466553,1.265625,0.03125,0.984375,114
115,1696245343227,-0.0146484375,-0.9915161,0.101989746,0.109375,0.765625,-0.125,115
116,1696245343267,-0.033935547,-0.9907837,0.08856201,0.40625,0.140625,0.234375,116
117,1696245343307,-0.030517578,-0.9751587,0.09320068,0.578125,0.875,0.265625,117
118,1696245343347,-0.040771484,-0.99591064,0.098083496,1.203125,0.390625,1.015625,118
119,1696245343387,-0.012451172,-0.97857666,0.08660889,0.3125,0.546875,0.578125,119
120,1696245343427,-0.03125,-0.9920044,0.078308105,-0.359375,0.0625,0.5625,120
121,1696245343467,-0.022216797,-0.99176025,0.08831787,1.015625,0.78125,0.640625,121
122,1696245343507,-0.017578125,-0.98883057,0.08905029,0.515625,0.484375,0.4375,122
123,1696245343547,-0.029052734,-0.98443604,0.082458496,0.40625,0.234375,0.53125,123
124,1696245343587,-0.029541016,-0.99420166,0.08465576,0.5,0.515625,0.859375,124
125,1696245343627,-0.030517578,-0.99224854,0.08465576,0.078125,0.90625,0.6875,125
126,1696245343667,-0.010986328,-0.9817505,0.08319092,0.34375,0.765625,0.765625,126
127,1696245343707,-0.028320312,-0.9780884,0.08319092,0.8125,-0.453125,1.140625,127
128,1696245343747,-0.019042969,-0.9961548,0.10028076,0.578125,1.3125,0.484375,128
129,1696245343787,-0.013183594,-0.9981079,0.06756592,-0.59375,-0.234375,-0.078125,129
130,1696245343827,-0.032958984,-0.9690552,0.077819824,-1.4375,-0.421875,-0.375,130
131,1696245343867,-0.029785156,-0.99957275,0.09246826,1.09375,0.59375,0.140625,131
132,1696245343907,-0.01953125,-0.9963989,0.08099365,-0.59375,0.5625,-0.21875,132
133,1696245343947,-0.01977539,-0.9937134,0.08074951,-0.296875,0.15625,-0.21875,133
134,1696245343987,-0.021972656,-0.9788208,0.08270264,-1.484375,-0.390625,0.859375,134
135,1696245344027,-0.020996094,-0.9968872,0.08001709,-1.5,-0.53125,0.34375,135
136,1696245344067,-0.012207031,-0.9859009,0.08734131,-1.484375,-0.953125,-0.046875,136
137,1696245344107,-0.02368164,-0.9890747,0.086364746,-0.078125,-0.265625,0.1875,137
138,1696245344147,-0.021728516,-0.98883057,0.0836792,0.15625,-0.875,0.140625,138
139,1696245344187,-0.020507812,-0.9841919,0.08905029,0.390625,-0.6875,0.53125,139
140,1696245344227,-0.030273438,-0.99591064,0.090270996,0.1875,-0.828125,-0.203125,140
141,1696245344267,-0.030517578,-0.9927368,0.09197998,0.375,-1.03125,-0.515625,141
142,1696245344307,-0.024169922,-0.98272705,0.08660889,1.40625,-1.21875,-0.296875,142
143,1696245344347,-0.029541016,-0.9890747,0.09490967,0.453125,-1.3125,-0.25,143
144,1696245344387,-0.033691406,-0.9817505,0.09686279,0.015625,-1.984375,-0.203125,144
145,1696245344427,-0.041503906,-1.0088501,0.07220459,-1.609375,-1.4375,-0.375,145
146,1696245344467,-0.008056641,-0.989563,0.09222412,-1.78125,-2.046875,-0.234375,146
147,1696245344507,-0.042236328,-1.0007935,0.0770874,-5.125,-2.046875,-0.796875,147
148,1696245344547,-0.022216797,-0.9795532,0.10491943,-2.1875,-0.546875,-0.890625,148
149,1696245344587,-0.026855469,-0.9976196,0.11395264,-1.765625,-1.09375,-0.28125,149
150,1696245344627,-0.028076172,-0.97979736,0.09613037,-2.390625,-0.71875,-0.140625,150
151,1696245344667,-0.03955078,-0.9871216,0.10003662,-2.640625,-1.625,-0.109375,151
152,1696245344707,-0.026123047,-0.9976196,0.1083374,-0.640625,-1.125,0.21875,152
153,1696245344747,-0.022460938,-0.9841919,0.09979248,-1.125,-1.390625,-0.03125,153
154,1696245344787,-0.036865234,-0.97784424,0.11395264,-0.890625,-1.0625,-0.046875,154
155,1696245344827,-0.038330078,-0.9973755,0.105407715,-0.875,-1.015625,0.203125,155
156,1696245344867,-0.037353516,-0.98150635,0.10736084,-0.671875,-0.671875,0.03125,156
157,1696245344907,-0.02709961,-0.9883423,0.116882324,-0.125,-0.578125,-0.046875,157
158,1696245344947,-0.04272461,-0.99786377,0.105895996,-0.296875,-0.875,0.65625,158
159,1696245344987,-0.022216797,-0.99053955,0.113464355,-0.40625,-0.203125,-0.390625,159
160,1696245345027,-0.044921875,-0.9920044,0.121032715,0.390625,-1.203125,0.109375,160
161,1696245345067,-0.03466797,-0.9849243,0.10394287,-1.25,-0.546875,0.09375,161
162,1696245345107,-0.043945312,-0.9915161,0.1161499,-0.40625,-0.15625,-0.03125,162
163,1696245345147,-0.020996094,-0.9800415,0.12371826,1.078125,-0.375,-0.109375,163
164,1696245345187,-0.034423828,-0.9800415,0.090270996,-3.1875,0.28125,-0.296875,164
165,1696245345227,-0.041748047,-0.98101807,0.1317749,-0.453125,-0.5625,0.09375,165
166,1696245345267,-0.03466797,-0.99346924,0.11199951,-0.390625,-0.734375,-0.09375,166
167,1696245345307,-0.038330078,-0.98150635,0.11004639,-1.09375,-0.40625,0.0,167
168,1696245345347,-0.031982422,-0.99346924,0.11151123,0.125,-0.59375,0.21875,168
169,1696245345387,-0.025146484,-0.98760986,0.12445068,0.90625,-0.140625,0.328125,169
170,1696245345427,-0.03955078,-0.97540283,0.12176514,-0.375,-0.53125,0.1875,170
171,1696245345467,-0.037597656,-0.9819946,0.11956787,-0.140625,-0.78125,0.203125,171
172,1696245345507,-0.034179688,-0.9883423,0.117370605,0.0,-0.875,0.109375,172
173,1696245345547,-0.040771484,-0.9805298,0.11883545,-0.265625,-0.921875,0.0625,173
174,1696245345587,-0.032958984,-0.98687744,0.12005615,-0.078125,-0.65625,-0.078125,174
175,1696245345627,-0.047607422,-0.991272,0.113464355,0.234375,-1.015625,-0.015625,175
176,1696245345667,-0.032470703,-0.97320557,0.12249756,0.53125,-0.46875,0.09375,176
177,1696245345707,-0.042236328,-0.99713135,0.105163574,-0.375,-0.21875,-0.15625,177
178,1696245345747,-0.033203125,-0.9963989,0.11053467,0.046875,-0.8125,-0.140625,178
179,1696245345787,-0.04711914,-0.98321533,0.13323975,2.609375,-1.359375,0.234375,179
180,1696245345827,-0.037841797,-0.99053955,0.093444824,-2.171875,0.609375,-0.078125,180
181,1696245345867,-0.036621094,-0.9841919,0.1227417,-0.046875,-0.453125,-0.21875,181
182,1696245345907,-0.03930664,-0.99176025,0.12249756,1.359375,0.703125,0.28125,182
183,1696245345947,-0.039794922,-0.97052,0.1161499,-0.03125,0.28125,0.734375,183
184,1696245345987,-0.049072266,-0.9932251,0.11419678,0.15625,0.328125,0.828125,184
185,1696245346027,-0.03540039,-0.9837036,0.12567139,2.015625,0.15625,0.5625,185
186,1696245346067,-0.03466797,-0.98443604,0.112976074,1.09375,0.46875,0.875,186
187,1696245346107,-0.05126953,-0.9902954,0.112976074,-0.09375,-0.421875,0.578125,187
188,1696245346147,-0.03955078,-0.9981079,0.11126709,1.875,0.40625,1.03125,188
189,1696245346187,-0.032714844,-0.98809814,0.105895996,1.015625,-0.09375,1.03125,189
190,1696245346227,-0.041015625,-0.98931885,0.109802246,1.671875,0.171875,0.703125,190
191,1696245346267,-0.037353516,-0.98443604,0.11199951,1.375,0.359375,1.109375,191
192,1696245346307,-0.03100586,-0.98101807,0.1083374,2.046875,0.53125,0.65625,192
193,1696245346347,-0.032714844,-0.9898071,0.10345459,2.40625,0.90625,0.875,193
194,1696245346387,-0.056396484,-0.9854126,0.09881592,2.609375,-0.640625,1.578125,194
195,1696245346427,-0.025390625,-0.9927368,0.09979248,2.140625,2.6875,0.375,195
196,1696245346467,-0.020019531,-0.9829712,0.08343506,2.390625,0.671875,1.078125,196
197,1696245346507,-0.033691406,-0.972229,0.09075928,-0.015625,1.203125,0.625,197
198,1696245346547,-0.02709961,-1.0007935,0.10076904,2.1875,1.015625,0.671875,198
199,1696245346587,-0.028076172,-0.9920044,0.0914917,0.609375,0.3125,0.6875,199
200,1696245346627,-0.025390625,-0.99224854,0.08856201,0.234375,0.4375,0.546875,200
201,1696245346667,-0.022216797,-0.9927368,0.08319092,0.078125,-0.234375,0.421875,201
202,1696245346707,-0.026855469,-0.99542236,0.101257324,2.5625,-0.3125,0.734375,202
203,1696245346747,-0.022216797,-0.99591064,0.066833496,0.234375,0.921875,0.6875,203
204,1696245346787,-0.018066406,-0.9776001,0.0758667,1.4375,0.046875,1.328125,204
205,1696245346827,-0.025634766,-0.9898071,0.07928467,0.6875,-0.0625,0.53125,205
206,1696245346867,-0.014404297,-0.9949341,0.07659912,-0.1875,-0.28125,0.671875,206
207,1696245346907,-0.031982422,-0.99176025,0.07269287,-0.515625,-0.453125,0.359375,207
208,1696245346947,-0.020507812,-0.98565674,0.08123779,-0.484375,-0.03125,-0.015625,208
209,1696245346987,-0.01953125,-0.987854,0.08416748,-0.828125,-0.03125,0.40625,209
210,1696245347027,-0.021484375,-0.99176025,0.08294678,-1.171875,-0.328125,0.296875,210
211,1696245347067,-0.030273438,-1.0022583,0.07977295,-0.34375,-1.171875,0.28125,211
212,1696245347107,-0.017822266,-0.97540283,0.10687256,0.78125,-0.828125,-0.21875,212
213,1696245347147,-0.020751953,-0.99835205,0.06463623,-1.0,-1.171875,0.046875,213
214,1696245347187,-0.0126953125,-0.97906494,0.089538574,-0.640625,-2.203125,-0.796875,214
215,1696245347227,-0.033691406,-0.9998169,0.09246826,0.84375,-1.6875,0.1875,215
216,1696245347267,-0.018310547,-0.98760986,0.08856201,-0.4375,-1.1875,-0.4375,216
217,1696245347307,-0.012207031,-0.9949341,0.090270996,-1.515625,-1.65625,-0.28125,217
218,1696245347347,-0.016601562,-0.9734497,0.105895996,-1.71875,-2.046875,-0.53125,218
219,1696245347387,-0.032958984,-1.0015259,0.09539795,-1.171875,-1.234375,-0.703125,219
220,1696245347427,-0.029052734,-0.98760986,0.07537842,-3.421875,-2.65625,-1.890625,220
221,1696245347467,-0.017333984,-0.9678345,0.0927124,-1.25,-2.453125,-1.21875,221
222,1696245347507,-0.038085938,-0.99005127,0.09588623,-0.296875,-1.84375,0.328125,222
223,1696245347547,-0.03955078,-0.9976196,0.098083496,-1.40625,-1.078125,-0.03125,223
224,1696245347587,-0.038085938,-0.9907837,0.10003662,-1.390625,-1.25,-0.296875,224
225,1696245347627,-0.026123047,-0.9729614,0.10223389,-1.953125,-0.859375,-0.4375,225
226,1696245347667,-0.04296875,-0.9985962,0.10003662,-3.234375,-1.5625,-0.40625,226
227,1696245347707,-0.024658203,-0.9902954,0.1071167,-2.203125,-0.125,-0.5625,227
228,1696245347747,-0.018066406,-0.9727173,0.11273193,0.25,-1.890625,-0.421875,228
229,1696245347787,-0.044921875,-0.9871216,0.1161499,0.0,-0.875,0.015625,229
230,1696245347827,-0.041748047,-1.0007935,0.09613037,-1.40625,-0.90625,-0.71875,230
231,1696245347867,-0.033447266,-0.96832275,0.11395264,-3.171875,-0.25,-0.953125,231
232,1696245347907,-0.04711914,-0.9937134,0.1281128,0.15625,-0.453125,-0.3125,232
233,1696245347947,-0.043701172,-0.98565674,0.11932373,0.0,-1.328125,-1.265625,233
234,1696245347987,-0.040771484,-0.9854126,0.12030029,-1.109375,-0.140625,-0.734375,234
235,1696245348027,-0.05029297,-0.98516846,0.1305542,-0.421875,-1.25,0.09375,235
236,1696245348067,-0.05419922,-0.9920044,0.117370605,-0.171875,-0.90625,0.421875,236
237,1696245348107,-0.049560547,-0.9824829,0.11175537,-1.546875,-0.671875,0.03125,237
238,1696245348147,-0.057861328,-0.9902954,0.12664795,0.046875,-0.578125,0.4375,238
239,1696245348187,-0.030761719,-0.9678345,0.12030029,-0.3125,-0.84375,0.34375,239
240,1696245348227,-0.052001953,-0.9951782,0.11639404,-0.4375,-1.046875,0.140625,240
241,1696245348267,-0.042236328,-0.9768677,0.11859131,-0.734375,-0.84375,-0.203125,241
242,1696245348307,-0.052490234,-0.9776001,0.11810303,0.125,-1.234375,-0.125,242
243,1696245348347,-0.041503906,-0.98028564,0.12567139,0.203125,-0.421875,0.015625,243
244,1696245348387,-0.048583984,-0.97979736,0.12982178,-0.203125,-1.609375,-0.140625,244
245,1696245348427,-0.04345703,-0.98321533,0.12347412,-0.625,-0.796875,0.265625,245
246,1696245348467,-0.050048828,-1.0071411,0.120788574,1.28125,-1.359375,0.34375,246
247,1696245348507,-0.02319336,-0.9663696,0.101745605,-4.21875,0.1875,-0.4375,247
248,1696245348547,-0.06591797,-0.9920044,0.13983154,1.09375,-1.03125,0.046875,248
249,1696245348587,-0.053222656,-1.0127563,0.12225342,1.125,-0.203125,-0.765625,249
250,1696245348627,-0.03930664,-0.97662354,0.12200928,-0.984375,0.78125,-0.9375,250
251,1696245348667,-0.04321289,-0.97198486,0.12054443,-0.9375,-0.4375,-0.125,251
252,1696245348707,-0.05493164,-0.9907837,0.13568115,-0.109375,-1.75,0.0,252
253,1696245348747,-0.05053711,-0.9937134,0.13201904,1.65625,-1.515625,0.375,253
254,1696245348787,-0.046875,-0.97784424,0.1149292,0.15625,-1.140625,0.28125,254
255,1696245348827,-0.05859375,-0.99591064,0.12054443,1.296875,-1.203125,0.578125,255
256,1696245348867,-0.045166016,-0.9937134,0.11566162,1.078125,-0.078125,0.890625,256
257,1696245348907,-0.049804688,-0.97906494,0.12371826,0.03125,-0.34375,0.375,257
258,1696245348947,-0.05908203,-0.97662354,0.121032715,0.5,0.421875,0.5625,258
259,1696245348987,-0.03881836,-0.9795532,0.12591553,0.125,-0.328125,0.71875,259
260,1696245349027,-0.06347656,-0.98638916,0.1281128,0.859375,-0.734375,1.0625,260
261,1696245349067,-0.055419922,-0.98931885,0.11273193,0.015625,0.265625,0.28125,261
262,1696245349107,-0.049560547,-0.98272705,0.124938965,1.9375,-0.109375,1.0,262
263,1696245349147,-0.040039062,-0.98150635,0.1005249,-1.890625,0.796875,0.21875,263
264,1696245349187,-0.053710938,-0.97857666,0.13323975,1.25,0.484375,0.5625,264
265,1696245349227,-0.05859375,-0.99468994,0.11517334,1.015625,0.453125,0.578125,265
266,1696245349267,-0.040771484,-0.97784424,0.11590576,0.171875,0.015625,0.21875,266
267,1696245349307,-0.05444336,-0.9932251,0.11102295,0.078125,-0.53125,0.546875,267
268,1696245349347,-0.04272461,-0.987854,0.11248779,0.09375,-0.53125,0.671875,268
269,1696245349387,-0.030761719,-0.9873657,0.109313965,0.078125,0.0625,0.0625,269
270,1696245349427,-0.046875,-0.98883057,0.11981201,0.171875,-0.46875,0.484375,270
271,1696245349467,-0.05029297,-0.9873657,0.11004639,1.015625,-0.578125,0.671875,271
272,1696245349507,-0.04296875,-0.9927368,0.109069824,0.75,-0.03125,0.765625,272
273,1696245349547,-0.039794922,-0.9859009,0.11541748,0.40625,0.0625,0.546875,273
274,1696245349587,-0.041259766,-0.98687744,0.113464355,0.78125,-0.234375,0.578125,274
275,1696245349627,-0.040039062,-0.9834595,0.11444092,0.828125,-0.234375,0.625,275
276,1696245349667,-0.043701172,-0.98565674,0.10223389,0.421875,0.15625,0.71875,276
277,1696245349707,-0.04345703,-0.987854,0.10247803,2.265625,-0.25,0.90625,277
278,1696245349747,-0.040039062,-0.9859009,0.12713623,1.890625,1.078125,0.609375,278
279,1696245349787,-0.030517578,-0.98883057,0.08734131,0.265625,1.125,0.953125,279
280,1696245349827,-0.029052734,-0.9727173,0.1071167,-0.40625,0.671875,0.15625,280
281,1696245349867,-0.04248047,-1.0025024,0.10882568,1.5,0.859375,0.84375,281
282,1696245349907,-0.034179688,-0.98223877,0.10491943,0.0,1.0,0.203125,282
283,1696245349947,-0.02734375,-0.987854,0.10614014,1.078125,0.703125,0.671875,283
284,1696245349987,-0.044189453,-0.9871216,0.10858154,1.109375,0.53125,0.828125,284
285,1696245350027,-0.021484375,-0.987854,0.097839355,0.84375,0.765625,0.59375,285
286,1696245350067,-0.032226562,-0.9859009,0.09197998,-0.078125,0.015625,0.671875,286
287,1696245350107,-0.03515625,-0.98760986,0.10076904,0.9375,0.328125,0.875,287
288,1696245350147,-0.033691406,-0.98516846,0.09564209,0.421875,0.171875,0.65625,288
289,1696245350187,-0.03515625,-0.9956665,0.09515381,0.375,0.3125,0.734375,289
290,1696245350227,-0.032470703,-0.9859009,0.090270996,0.078125,0.421875,0.359375,290
291,1696245350267,-0.020996094,-0.9758911,0.10247803,0.109375,-0.015625,0.3125,291
292,1696245350307,-0.035888672,-0.99224854,0.101257324,-0.328125,-0.484375,0.109375,292
293,1696245350347,-0.032470703,-0.98883057,0.09613037,-0.609375,-0.5,0.171875,293
294,1696245350387,-0.037109375,-1.000061,0.09197998,0.28125,-1.1875,0.171875,294
295,1696245350427,-0.021728516,-0.97613525,0.1239624,2.421875,-0.6875,-0.1875,295
296,1696245350467,-0.041015625,-0.99786377,0.07757568,-1.03125,-0.671875,0.171875,296
297,1696245350507,-0.033447266,-0.97784424,0.10272217,-0.53125,-0.75,-0.625,297
298,1696245350547,-0.040283203,-1.0042114,0.09979248,0.90625,-0.71875,0.140625,298
299,1696245350587,-0.025390625,-0.98516846,0.09881592,-0.265625,-0.421875,-0.1875,299
300,1696245350627,-0.027832031,-0.9890747,0.101745605,-0.53125,-0.890625,0.1875,300
301,1696245350667,-0.03955078,-0.9924927,0.10321045,0.203125,-0.9375,-0.09375,301
302,1696245350707,-0.026367188,-0.986145,0.09857178,-1.0,-1.328125,0.234375,302
303,1696245350747,-0.045898438,-0.98565674,0.109069824,-1.25,-1.25,-0.078125,303
304,1696245350787,-0.030761719,-0.99468994,0.101501465,0.328125,-0.828125,0.015625,304
305,1696245350827,-0.036376953,-0.9898071,0.097839355,0.03125,-1.796875,0.21875,305
306,1696245350867,-0.042236328,-0.9866333,0.08905029,-0.75,-1.703125,0.25,306
307,1696245350907,-0.033447266,-0.9920044,0.097839355,-0.859375,-1.171875,0.234375,307
308,1696245350947,-0.028808594,-0.98809814,0.10418701,-0.65625,-1.03125,0.046875,308
309,1696245350987,-0.04663086,-0.9920044,0.10272217,0.578125,-1.09375,0.421875,309
310,1696245351027,-0.037109375,-0.9859009,0.10345459,-0.109375,-1.015625,0.3125,310
311,1696245351067,-0.044433594,-0.989563,0.09613037,-0.6875,-1.453125,0.21875,311
312,1696245351107,-0.033203125,-0.9885864,0.11517334,1.15625,-1.359375,0.640625,312
313,1696245351147,-0.035888672,-0.9866333,0.074157715,-4.34375,-0.671875,-0.078125,313
314,1696245351187,-0.0390625,-0.9837036,0.121276855,0.28125,-1.1875,0.359375,314
315,1696245351227,-0.052001953,-0.9956665,0.09295654,0.546875,-1.578125,0.6875,315
316,1696245351267,-0.032958984,-0.9885864,0.10296631,-0.859375,0.25,-0.078125,316
317,1696245351307,-0.037109375,-0.9937134,0.09881592,-0.765625,-0.171875,0.265625,317
318,1696245351347,-0.03881836,-0.9819946,0.09881592,-0.59375,-0.703125,0.921875,318
319,1696245351387,-0.028808594,-0.9883423,0.10296631,-0.5,-0.4375,0.453125,319
320,1696245351427,-0.03564453,-0.98809814,0.10223389,-0.53125,-0.828125,0.65625,320
321,1696245351467,-0.034179688,-0.9873657,0.101501465,-0.484375,-0.453125,0.171875,321
322,1696245351507,-0.016113281,-0.9800415,0.10638428,-0.15625,-0.28125,0.0,322
323,1696245351547,-0.032226562,-0.9758911,0.10736084,-0.484375,-0.953125,0.03125,323
324,1696245351587,-0.04638672,-0.99346924,0.097595215,0.0,-0.75,-0.09375,324
325,1696245351627,-0.021240234,-0.98760986,0.11151123,1.0625,-0.25,-0.125,325
326,1696245351667,-0.037841797,-0.98638916,0.09881592,-0.375,-1.1875,0.046875,326
327,1696245351707,-0.03540039,-0.98565674,0.10882568,-0.6875,-0.890625,0.09375,327
328,1696245351747,-0.03515625,-0.98321533,0.11273193,1.65625,-0.96875,0.390625,328
329,1696245351787,-0.029785156,-0.9849243,0.08758545,-2.296875,0.8125,-0.125,329
330,1696245351827,-0.044189453,-0.9871216,0.11004639,0.34375,-0.828125,0.171875,330
331,1696245351867,-0.036132812,-0.99053955,0.10736084,1.53125,-0.015625,0.265625,331
332,1696245351907,-0.039794922,-0.9819946,0.11077881,-0.234375,-0.046875,-0.078125,332
333,1696245351947,-0.03491211,-0.9924927,0.10418701,0.359375,0.140625,0.515625,333
334,1696245351987,-0.033691406,-0.99835205,0.10247803,0.140625,-0.25,0.375,334
335,1696245352027,-0.022460938,-0.9871216,0.10369873,-0.015625,0.671875,0.28125,335
336,1696245352067,-0.035888672,-0.98883057,0.10491943,-0.921875,-0.3125,0.015625,336
337,1696245352107,-0.030029297,-0.98223877,0.11077881,0.296875,-0.25,0.1875,337
338,1696245352147,-0.038085938,-0.99346924,0.113220215,-1.25,0.015625,0.09375,338
339,1696245352187,-0.039794922,-0.9973755,0.10760498,-2.265625,0.171875,0.046875,339
340,1696245352227,-0.027832031,-0.9800415,0.11273193,-0.796875,-0.203125,0.25,340
341,1696245352267,-0.041503906,-0.9890747,0.11053467,0.234375,0.03125,0.75,341
342,1696245352307,-0.0234375,-0.9800415,0.121520996,0.96875,-0.234375,0.484375,342
343,1696245352347,-0.030517578,-0.9849243,0.11151123,-0.203125,0.296875,0.109375,343
344,1696245352387,-0.022949219,-0.9949341,0.093933105,0.171875,-0.421875,0.859375,344
345,1696245352427,-0.02734375,-0.9800415,0.113220215,-0.734375,0.46875,-0.109375,345
346,1696245352467,-0.03955078,-0.9924927,0.11199951,1.375,0.1875,0.671875,346
347,1696245352507,-0.04272461,-0.99298096,0.10784912,0.21875,0.09375,0.34375,347
348,1696245352547,-0.020507812,-0.98760986,0.11151123,1.03125,0.640625,0.625,348
349,1696245352587,-0.03466797,-0.9834595,0.105407715,0.125,0.203125,0.71875,349
350,1696245352627,-0.027832031,-0.98321533,0.10247803,0.34375,0.140625,0.828125,350
351,1696245352667,-0.028564453,-0.9859009,0.10028076,-0.015625,0.015625,0.390625,351
352,1696245352707,-0.030273438,-0.9951782,0.109313965,1.171875,0.65625,0.71875,352
353,1696245352747,-0.032226562,-0.98760986,0.0993042,1.453125,0.296875,1.109375,353
354,1696245352787,-0.01171875,-0.9927368,0.10345459,1.0625,0.328125,0.6875,354
355,1696245352827,-0.032714844,-0.99053955,0.09197998,0.390625,-0.03125,0.890625,355
356,1696245352867,-0.029296875,-0.98101807,0.09637451,0.859375,0.515625,0.546875,356
357,1696245352907,-0.022460938,-0.99420166,0.090270996,0.203125,0.09375,0.59375,357
358,1696245352947,-0.024414062,-0.9932251,0.0927124,-0.203125,-0.65625,0.5,358
359,1696245352987,-0.02319336,-0.9805298,0.109313965,2.3125,-0.125,0.40625,359
360,1696245353027,-0.021240234,-1.0049438,0.06951904,-0.625,0.25,0.5625,360
361,1696245353067,-0.026367188,-0.9783325,0.10272217,0.40625,0.28125,-0.390625,361
362,1696245353107,-0.032714844,-1.0005493,0.1005249,0.9375,0.5625,0.484375,362
363,1696245353147,-0.021972656,-0.98272705,0.09588623,0.21875,0.546875,0.484375,363
364,1696245353187,-0.020019531,-0.9961548,0.09539795,0.25,0.359375,0.8125,364
365,1696245353227,-0.029052734,-0.99224854,0.10272217,1.15625,0.046875,0.484375,365
366,1696245353267,-0.018554688,-0.98883057,0.09173584,0.21875,0.171875,0.25,366
367,1696245353307,-0.013916016,-0.97735596,0.09075928,0.015625,-0.46875,0.21875,367
368,1696245353347,-0.033447266,-1.0032349,0.09881592,0.1875,-0.734375,0.28125,368
369,1696245353387,-0.016357422,-0.991272,0.08856201,-0.484375,-0.6875,-0.109375,369
370,1696245353427,-0.023925781,-0.9866333,0.09466553,-0.5,-1.359375,0.15625,370
371,1696245353467,-0.024169922,-0.9866333,0.09686279,-0.5,-1.53125,0.15625,371
372,1696245353507,-0.022460938,-0.9902954,0.09979248,-0.046875,-1.796875,0.046875,372
373,1696245353547,-0.029296875,-0.9890747,0.09051514,-0.4375,-1.859375,-0.140625,373
374,1696245353587,-0.029052734,-0.98687744,0.09197998,0.203125,-1.734375,0.21875,374
375,1696245353627,-0.024658203,-0.98223877,0.11004639,1.609375,-2.0,0.140625,375
376,1696245353667,-0.02734375,-0.99786377,0.06976318,-3.0625,-1.34375,-0.4375,376
377,1696245353707,-0.022216797,-0.98223877,0.10491943,-0.84375,-1.609375,-0.4375,377
378,1696245353747,-0.033691406,-1.0012817,0.10223389,0.03125,-1.796875,-0.046875,378
379,1696245353787,-0.026367188,-0.9780884,0.097839355,-2.015625,-1.234375,-0.5625,379
380,1696245353827,-0.020263672,-0.9841919,0.09075928,-2.34375,-1.625,0.015625,380
381,1696245353867,-0.0390625,-0.9944458,0.10394287,-1.9375,-1.796875,-0.390625,381
382,1696245353907,-0.028808594,-0.98883057,0.10003662,-2.484375,-1.5,-0.515625,382
383,1696245353947,-0.030273438,-0.9854126,0.11077881,-1.71875,-1.15625,-0.25,383
384,1696245353987,-0.036621094,-0.9824829,0.11224365,-1.015625,-1.828125,-0.03125,384
385,1696245354027,-0.02734375,-0.99053955,0.1083374,-0.9375,-1.421875,0.25,385
386,1696245354067,-0.03466797,-0.98443604,0.11224365,-0.875,-1.0,0.421875,386
387,1696245354107,-0.03564453,-0.98394775,0.1149292,-0.546875,-0.765625,0.453125,387
388,1696245354147,-0.02758789,-0.9927368,0.12225342,0.0625,-0.6875,0.03125,388
389,1696245354187,-0.030029297,-0.9907837,0.101989746,-1.5,-0.859375,0.125,389
390,1696245354227,-0.033447266,-0.99468994,0.11077881,-0.609375,-1.40625,0.046875,390
391,1696245354267,-0.033935547,-0.98565674,0.1305542,1.484375,-1.328125,0.078125,391
392,1696245354307,-0.033935547,-0.98809814,0.0848999,-3.578125,-0.640625,-0.390625,392
393,1696245354347,-0.03515625,-0.9846802,0.13128662,-0.328125,-0.765625,-0.28125,393
394,1696245354387,-0.034423828,-1.006897,0.11907959,-0.09375,-0.953125,0.125,394
395,1696245354427,-0.026611328,-0.97784424,0.120788574,-1.390625,-0.328125,-0.390625,395
396,1696245354467,-0.034179688,-0.9915161,0.121276855,-0.84375,-0.3125,0.25,396
397,1696245354507,-0.031982422,-0.99102783,0.11932373,0.515625,-0.796875,0.296875,397
398,1696245354547,-0.025634766,-0.9834595,0.11590576,-0.828125,-0.65625,-0.015625,398
399,1696245354587,-0.03857422,-0.9841919,0.12054443,-0.28125,-0.78125,0.671875,399
400,1696245354627,-0.030761719,-0.99591064,0.12884521,1.15625,-0.671875,0.40625,400
401,1696245354667,-0.041992188,-0.98931885,0.11639404,0.421875,-0.75,0.125,401
402,1696245354707,-0.030029297,-0.9812622,0.121032715,0.234375,-0.515625,0.421875,402
403,1696245354747,-0.033935547,-0.98760986,0.117370605,1.03125,-0.5625,0.234375,403
404,1696245354787,-0.03540039,-0.9859009,0.120788574,0.4375,-0.53125,0.375,404
405,1696245354827,-0.028320312,-0.9932251,0.10736084,-0.65625,-0.40625,0.4375,405
406,1696245354867,-0.027832031,-0.9837036,0.113464355,0.15625,-0.6875,0.09375,406
407,1696245354907,-0.03857422,-0.9841919,0.13519287,3.15625,-1.125,0.484375,407
408,1696245354947,-0.027832031,-0.9871216,0.090026855,-2.90625,0.65625,-0.046875,408
409,1696245354987,-0.03100586,-0.98101807,0.121520996,0.8125,-0.390625,-0.25,409
410,1696245355027,-0.04711914,-0.9990845,0.117370605,1.640625,-0.109375,0.34375,410
411,1696245355067,-0.029785156,-0.9771118,0.11004639,0.78125,0.234375,-0.265625,411
412,1696245355107,-0.036376953,-0.9871216,0.113220215,0.875,0.296875,0.515625,412
413,1696245355147,-0.031982422,-0.9981079,0.11810303,1.546875,-0.015625,0.375,413
414,1696245355187,-0.030761719,-0.9837036,0.11077881,0.484375,0.125,0.25,414
415,1696245355227,-0.030517578,-0.986145,0.11175537,0.53125,0.015625,0.34375,415
416,1696245355267,-0.035888672,-0.99298096,0.113220215,0.65625,0.09375,0.6875,416
417,1696245355307,-0.032958984,-0.98760986,0.11102295,0.765625,0.09375,0.5625,417
418,1696245355347,-0.026123047,-0.98272705,0.10223389,0.265625,-0.1875,0.53125,418
419,1696245355387,-0.028808594,-0.98272705,0.105407715,0.3125,-0.03125,0.75,419
420,1696245355427,-0.035888672,-0.98931885,0.1083374,0.578125,0.125,0.484375,420
421,1696245355467,-0.03149414,-0.9963989,0.10882568,0.78125,0.125,0.484375,421
422,1696245355507,-0.032958984,-0.9841919,0.11517334,1.375,-0.5625,0.71875,422
423,1696245355547,-0.025390625,-0.9837036,0.1071167,0.46875,-0.203125,0.171875,423
424,1696245355587,-0.029541016,-0.9937134,0.09197998,-0.21875,-0.59375,0.34375,424
425,1696245355627,-0.030029297,-0.9788208,0.105895996,-1.203125,-0.21875,-0.171875,425
426,1696245355667,-0.038085938,-0.9976196,0.10760498,0.828125,-0.484375,0.3125,426
427,1696245355707,-0.032958984,-0.98883057,0.10296631,-0.328125,-0.0625,-0.296875,427
428,1696245355747,-0.022949219,-0.98565674,0.109558105,0.15625,0.265625,0.375,428
429,1696245355787,-0.03491211,-0.9788208,0.10662842,-0.09375,0.078125,0.421875,429
430,1696245355827,-0.032470703,-0.99468994,0.10736084,-0.34375,0.09375,-0.09375,430
431,1696245355867,-0.032470703,-0.9920044,0.10223389,0.203125,0.140625,-0.265625,431
432,1696245355907,-0.03125,-0.9846802,0.10638428,1.3125,0.15625,0.3125,432
433,1696245355947,-0.032470703,-0.9924927,0.09564209,1.53125,0.1875,0.34375,433
434,1696245355987,-0.030273438,-0.97784424,0.0993042,1.625,1.015625,0.546875,434
435,1696245356027,-0.03149414,-0.9927368,0.09637451,0.6875,0.671875,0.609375,435
436,1696245356067,-0.026611328,-0.9898071,0.0927124,0.921875,0.6875,0.71875,436
437,1696245356107,-0.028076172,-0.987854,0.09710693,1.3125,0.390625,0.890625,437
438,1696245356147,-0.028808594,-0.99224854,0.093688965,1.28125,0.59375,0.84375,438
439,1696245356187,-0.033447266,-0.9849243,0.101989746,1.828125,0.234375,1.078125,439
440,1696245356227,-0.016113281,-0.97784424,0.08856201,0.96875,0.71875,0.796875,440
441,1696245356267,-0.03125,-1.0003052,0.073913574,0.9375,0.171875,1.234375,441
442,1696245356307,-0.021728516,-0.98394775,0.08319092,-0.765625,0.828125,0.109375,442
443,1696245356347,-0.026855469,-0.987854,0.093933105,0.9375,0.234375,0.734375,443
444,1696245356387,-0.023925781,-0.99713135,0.08831787,-0.421875,0.40625,0.40625,444
445,1696245356427,-0.0146484375,-0.9841919,0.09320068,0.640625,0.375,0.3125,445
446,1696245356467,-0.025634766,-0.9800415,0.081970215,0.296875,-0.109375,0.46875,446
447,1696245356507,-0.035888672,-0.9949341,0.077819824,1.421875,0.53125,0.03125,447
448,1696245356547,-0.010986328,-0.9817505,0.07611084,0.203125,0.265625,-0.140625,448
449,1696245356587,-0.009277344,-0.99053955,0.081970215,-0.484375,-0.0625,-0.609375,449
450,1696245356627,-0.024169922,-0.99176025,0.07684326,-0.828125,-0.15625,0.078125,450
451,1696245356667,-0.032470703,-0.98565674,0.08856201,-0.5625,0.15625,0.34375,451
452,1696245356707,-0.030029297,-0.9805298,0.08294678,-0.53125,0.390625,0.109375,452
453,1696245356747,-0.020751953,-0.987854,0.08807373,-0.25,0.203125,0.125,453
454,1696245356787,-0.022949219,-0.9898071,0.085632324,-0.4375,0.09375,0.40625,454
455,1696245356827,-0.025634766,-0.9846802,0.08758545,0.078125,-0.296875,0.09375,455
456,1696245356867,-0.0234375,-0.98760986,0.09442139,0.140625,-0.9375,-0.203125,456
457,1696245356907,-0.038330078,-0.9898071,0.08514404,0.109375,-1.265625,0.234375,457
458,1696245356947,-0.013427734,-0.98638916,0.07879639,1.484375,-1.796875,-0.09375,458
459,1696245356987,-0.016113281,-0.98883057,0.070495605,-2.15625,-1.421875,-0.4375,459
460,1696245357027,-0.0390625,-0.99298096,0.09466553,0.140625,-2.21875,0.25,460
461,1696245357067,-0.03540039,-0.9920044,0.09124756,-0.84375,-1.46875,-0.171875,461
462,1696245357107,-0.019042969,-0.98101807,0.08929443,-1.515625,-1.546875,-0.125,462
463,1696245357147,-0.03491211,-0.98223877,0.08856201,-2.40625,-2.890625,0.453125,463
464,1696245357187,-0.032470703,-0.99591064,0.09906006,-1.390625,-2.265625,0.015625,464
465,1696245357227,-0.016357422,-0.99346924,0.08685303,-2.109375,-2.203125,-0.203125,465
466,1696245357267,-0.02709961,-0.98883057,0.10345459,-2.234375,-2.140625,-0.265625,466
467,1696245357307,-0.032714844,-0.98760986,0.105651855,-1.53125,-2.578125,-0.640625,467
468,1696245357347,-0.032714844,-0.9873657,0.10809326,-1.9375,-2.484375,-1.0625,468
469,1696245357387,-0.039794922,-0.9829712,0.10638428,-2.734375,-1.875,-1.171875,469
470,1696245357427,-0.045166016,-0.9898071,0.10638428,-3.1875,-1.203125,-0.921875,470
471,1696245357467,-0.033935547,-0.99176025,0.11224365,-2.03125,-1.609375,-0.6875,471
472,1696245357507,-0.03857422,-0.98516846,0.112976074,-1.25,-1.34375,-0.046875,472
473,1696245357547,-0.038085938,-0.9819946,0.11956787,-1.390625,-0.875,-0.15625,473
474,1696245357587,-0.045166016,-0.9846802,0.12225342,-1.828125,-0.96875,-0.140625,474
475,1696245357627,-0.032714844,-0.99346924,0.12615967,0.8125,-0.984375,0.34375,475
476,1696245357667,-0.032470703,-0.9788208,0.10369873,-5.125,0.671875,-0.515625,476
477,1696245357707,-0.045410156,-0.9846802,0.14593506,-0.46875,-0.859375,0.703125,477
478,1696245357747,-0.039794922,-0.99664307,0.12005615,-0.140625,-0.984375,0.390625,478
479,1696245357787,-0.042236328,-0.973938,0.12225342,-1.0,-0.234375,0.078125,479
480,1696245357827,-0.03857422,-0.9898071,0.124938965,-1.328125,-0.078125,0.28125,480
481,1696245357867,-0.037597656,-0.9824829,0.12640381,-0.8125,-0.546875,0.25,481
482,1696245357907,-0.03540039,-0.98321533,0.13616943,-1.1875,-0.25,-0.015625,482
483,1696245357947,-0.049072266,-0.99053955,0.13787842,-1.15625,-0.359375,0.046875,483
484,1696245357987,-0.036621094,-0.98443604,0.124938965,-1.9375,-0.203125,-0.03125,484
485,1696245358027,-0.03173828,-0.98150635,0.13909912,-2.234375,-0.28125,-0.078125,485
486,1696245358067,-0.04248047,-0.9793091,0.14154053,-1.6875,-0.46875,0.359375,486
487,1696245358107,-0.045166016,-0.98028564,0.13079834,-0.890625,-0.34375,0.234375,487
488,1696245358147,-0.034423828,-0.98101807,0.13568115,0.171875,-0.078125,0.3125,488
489,1696245358187,-0.042236328,-0.9746704,0.14056396,0.15625,-0.234375,0.28125,489
490,1696245358227,-0.041748047,-0.98028564,0.14129639,-0.234375,-0.03125,0.125,490
491,1696245358267,-0.040771484,-0.987854,0.1486206,0.828125,-1.171875,0.40625,491
492,1696245358307,-0.025878906,-0.97052,0.12908936,-3.453125,0.3125,-0.5625,492
493,1696245358347,-0.0546875,-0.99053955,0.15667725,1.03125,-0.671875,0.484375,493
494,1696245358387,-0.03149414,-0.99005127,0.13421631,-0.328125,-0.78125,-0.265625,494
495,1696245358427,-0.04345703,-0.98150635,0.14300537,-1.53125,-0.765625,-0.265625,495
496,1696245358467,-0.046142578,-0.9920044,0.15008545,-1.140625,0.359375,-0.125,496
497,1696245358507,-0.04272461,-0.9915161,0.1437378,-0.5,-0.484375,0.171875,497
498,1696245358547,-0.03100586,-0.9776001,0.1449585,-0.390625,-0.484375,-0.03125,498
499,1696245358587,-0.052001953,-0.9854126,0.14764404,0.53125,-0.5,0.625,499
500,1696245358627,-0.040283203,-0.98809814,0.14666748,0.84375,-0.84375,0.765625,500
501,1696245358667,-0.043701172,-0.98101807,0.14642334,0.75,-0.5625,0.359375,501
502,1696245358707,-0.037597656,-0.9805298,0.1461792,0.578125,-0.390625,0.875,502
503,1696245358747,-0.038330078,-0.9812622,0.14251709,1.25,-0.296875,0.625,503
504,1696245358787,-0.040527344,-0.98101807,0.13909912,1.0625,-0.4375,0.46875,504
505,1696245358827,-0.045166016,-0.99102783,0.13568115,2.40625,-0.28125,1.03125,505
506,1696245358867,-0.036376953,-0.97369385,0.15179443,3.28125,-0.828125,0.828125,506
507,1696245358907,-0.041503906,-0.9949341,0.109558105,0.359375,0.296875,0.953125,507
508,1696245358947,-0.030517578,-0.9837036,0.13348389,1.765625,0.8125,0.5625,508
509,1696245358987,-0.044677734,-1.0010376,0.13397217,2.84375,0.046875,1.25,509
510,1696245359027,-0.03857422,-0.98809814,0.12322998,1.21875,0.171875,0.703125,510
511,1696245359067,-0.029052734,-0.9890747,0.12249756,1.765625,0.359375,0.984375,511
512,1696245359107,-0.03857422,-0.99542236,0.120788574,1.96875,-0.140625,1.203125,512
513,1696245359147,-0.022949219,-0.99005127,0.11444092,1.625,0.625,0.671875,513
514,1696245359187,-0.03466797,-0.99005127,0.11126709,1.75,-0.125,0.375,514
515,1696245359227,-0.03515625,-0.991272,0.11590576,1.984375,-0.078125,0.984375,515
516,1696245359267,-0.028076172,-0.99786377,0.10418701,0.875,-0.078125,0.765625,516
517,1696245359307,-0.0234375,-0.9795532,0.11151123,0.59375,0.34375,0.46875,517
518,1696245359347,-0.03100586,-0.986145,0.113220215,2.171875,-0.0625,0.921875,518
519,1696245359387,-0.030517578,-0.98809814,0.089538574,2.265625,0.453125,1.125,519
520,1696245359427,-0.019042969,-0.98516846,0.09173584,1.78125,0.421875,1.328125,520
521,1696245359467,-0.024658203,-0.9902954,0.11102295,2.375,0.421875,0.828125,521
522,1696245359507,-0.020751953,-1.0039673,0.07952881,-0.171875,1.203125,0.6875,522
523,1696245359547,-0.015136719,-0.98028564,0.09881592,0.28125,0.453125,0.125,523
524,1696245359587,-0.030517578,-0.9915161,0.10321045,1.140625,0.390625,0.921875,524
525,1696245359627,-0.022949219,-0.9871216,0.08831787,0.34375,0.96875,0.8125,525
526,1696245359667,-0.020996094,-0.9859009,0.097839355,0.546875,0.5,0.984375,526
527,1696245359707,-0.017578125,-0.98760986,0.08856201,1.0625,0.09375,0.84375,527
528,1696245359747,-0.021728516,-0.9939575,0.09246826,0.59375,0.234375,0.703125,528
529,1696245359787,-0.022949219,-0.989563,0.09320068,0.5,0.234375,0.921875,529
530,1696245359827,-0.017333984,-0.99298096,0.097351074,0.609375,-0.46875,0.546875,530
531,1696245359867,-0.016113281,-0.98394775,0.08905029,0.453125,-0.1875,1.0,531
532,1696245359907,-0.016845703,-0.9854126,0.08807373,-0.09375,-0.4375,0.71875,532
533,1696245359947,-0.018554688,-0.98931885,0.09075928,-0.1875,-0.390625,0.484375,533
534,1696245359987,-0.010253906,-0.98809814,0.08514404,0.0625,-0.203125,0.171875,534
535,1696245360027,-0.0126953125,-0.9873657,0.082458496,-0.53125,-0.328125,0.453125,535
536,1696245360067,-0.03149414,-0.99591064,0.10443115,1.6875,-0.4375,0.890625,536
537,1696245360107,-0.005859375,-0.98394775,0.0692749,-1.96875,0.625,-0.234375,537
538,1696245360147,-0.013671875,-0.9780884,0.09173584,0.296875,-0.359375,-0.296875,538
539,1696245360187,-0.025634766,-1.0025024,0.086120605,-0.125,-0.25,0.1875,539
540,1696245360227,-0.016845703,-0.9841919,0.09490967,-0.46875,-0.140625,-0.265625,540
541,1696245360267,-0.01928711,-0.991272,0.08880615,-1.015625,-1.28125,-0.21875,541
542,1696245360307,-0.025878906,-0.99053955,0.089538574,-0.5625,-1.390625,-0.4375,542
543,1696245360347,-0.0078125,-0.989563,0.09686279,-1.390625,-1.859375,-0.453125,543
544,1696245360387,-0.017089844,-0.9829712,0.0927124,-0.15625,-1.828125,-0.390625,544
545,1696245360427,-0.029785156,-0.99664307,0.08514404,-0.375,-2.171875,-0.09375,545
546,1696245360467,-0.012207031,-0.97857666,0.09564209,-1.09375,-1.375,-0.5,546
547,1696245360507,-0.02368164,-0.99713135,0.09588623,-2.375,-1.984375,-0.265625,547
548,1696245360547,-0.034179688,-0.99835205,0.09954834,-3.4375,-1.296875,-0.5625,548
549,1696245360587,-0.014160156,-0.99102783,0.113708496,-2.140625,-1.59375,-0.3125,549
550,1696245360627,-0.018066406,-0.98101807,0.10321045,-1.90625,-1.828125,-0.90625,550
551,1696245360667,-0.03149414,-0.9973755,0.09539795,-1.421875,-2.828125,-0.296875,551
552,1696245360707,-0.036621094,-0.97198486,0.10760498,-3.9375,-0.921875,-0.78125,552
553,1696245360747,-0.033691406,-0.99884033,0.13372803,-0.75,-0.625,-0.234375,553
554,1696245360787,-0.026367188,-0.98931885,0.120788574,-1.140625,-1.046875,-0.265625,554
555,1696245360827,-0.038330078,-0.989563,0.121032715,-2.5,-0.875,-0.375,555
556,1696245360867,-0.034179688,-0.97491455,0.13983154,-1.34375,-0.390625,-0.09375,556
557,1696245360907,-0.035888672,-0.9846802,0.12200928,-1.09375,-0.578125,-0.171875,557
558,1696245360947,-0.030029297,-0.9824829,0.121520996,-1.125,-1.40625,-0.671875,558
559,1696245360987,-0.038330078,-0.9890747,0.1281128,0.03125,-0.96875,0.03125,559
560,1696245361027,-0.030517578,-0.98150635,0.11834717,-1.203125,-0.84375,-0.453125,560
561,1696245361067,-0.03491211,-0.99053955,0.12591553,-1.015625,-0.75,-0.28125,561
562,1696245361107,-0.036621094,-0.9824829,0.137146,-0.75,-0.75,-0.25,562
563,1696245361147,-0.032470703,-0.975647,0.12591553,-0.890625,-1.125,-0.171875,563
564,1696245361187,-0.027832031,-0.9920044,0.11932373,-1.390625,0.046875,-0.078125,564
565,1696245361227,-0.02758789,-0.9883423,0.13739014,0.96875,-0.75,0.5,565
566,1696245361267,-0.032470703,-0.9702759,0.117126465,-3.546875,0.171875,-0.109375,566
567,1696245361307,-0.051757812,-0.98516846,0.152771,0.5,-0.828125,0.578125,567
568,1696245361347,-0.037109375,-0.9846802,0.12762451,-0.59375,-0.796875,0.125,568
569,1696245361387,-0.026123047,-0.9817505,0.1305542,-0.796875,-0.296875,0.078125,569
570,1696245361427,-0.036865234,-0.98809814,0.14227295,0.453125,-0.53125,0.328125,570
571,1696245361467,-0.040283203,-0.9793091,0.13226318,0.28125,-0.65625,0.09375,571
572,1696245361507,-0.040527344,-0.9834595,0.13519287,-0.078125,-0.78125,0.0,572
573,1696245361547,-0.037597656,-0.989563,0.12982178,0.359375,-0.34375,0.328125,573
574,1696245361587,-0.029296875,-0.9871216,0.12567139,-0.015625,-0.046875,-0.15625,574
575,1696245361627,-0.03881836,-0.9898071,0.14056396,0.40625,0.078125,-0.03125,575
576,1696245361667,-0.045166016,-0.9817505,0.13250732,0.109375,-0.203125,0.140625,576
577,1696245361707,-0.030517578,-0.97735596,0.1251831,-0.4375,-0.5,0.03125,577
578,1696245361747,-0.03955078,-1.0005493,0.11126709,-0.34375,-0.921875,0.25,578
579,1696245361787,-0.044433594,-0.98760986,0.1486206,3.671875,-1.28125,0.90625,579
580,1696245361827,-0.022705078,-0.97491455,0.10028076,-2.59375,0.171875,-0.453125,580
581,1696245361867,-0.045410156,-0.98516846,0.14715576,0.765625,-1.484375,0.09375,581
582,1696245361907,-0.04321289,-1.003479,0.1251831,0.875,-1.359375,0.09375,582
583,1696245361947,-0.02734375,-0.9841919,0.13616943,1.140625,-0.1875,-0.3125,583
584,1696245361987,-0.05517578,-0.9924927,0.12640381,0.140625,-1.09375,0.359375,584
585,1696245362027,-0.032470703,-0.9834595,0.1227417,0.15625,-0.28125,-0.046875,585
586,1696245362067,-0.040039062,-0.98565674,0.12249756,-0.328125,-0.921875,0.140625,586
587,1696245362107,-0.038085938,-0.9846802,0.12591553,0.578125,0.03125,0.40625,587
588,1696245362147,-0.041259766,-0.99005127,0.12542725,1.484375,-0.46875,0.484375,588
589,1696245362187,-0.037353516,-0.98101807,0.12445068,0.8125,-0.375,0.5,589
590,1696245362227,-0.042236328,-0.9871216,0.12054443,0.640625,-0.328125,0.78125,590
591,1696245362267,-0.040527344,-0.9834595,0.12689209,1.28125,-0.109375,0.421875,591
592,1696245362307,-0.037109375,-0.9907837,0.10858154,0.921875,0.171875,0.84375,592
593,1696245362347,-0.041748047,-0.9939575,0.12738037,2.765625,-0.71875,0.875,593
594,1696245362387,-0.026367188,-0.9793091,0.09222412,-1.90625,0.890625,0.03125,594
595,1696245362427,-0.042236328,-0.98809814,0.13031006,1.109375,-0.34375,0.21875,595
596,1696245362467,-0.04321289,-0.99420166,0.121032715,0.296875,0.328125,0.453125,596
597,1696245362507,-0.026123047,-0.9751587,0.11126709,-0.15625,0.9375,0.328125,597
598,1696245362547,-0.037597656,-0.9985962,0.11029053,-0.609375,0.09375,0.4375,598
599,1696245362587,-0.037597656,-0.973938,0.11541748,-0.234375,0.03125,0.609375,599
600,1696245362627,-0.0234375,-0.9849243,0.1149292,-0.109375,0.125,-0.109375,600
601,1696245362667,-0.028564453,-0.98516846,0.12225342,0.453125,-0.75,0.359375,601
602,1696245362707,-0.03857422,-0.9963989,0.11029053,0.125,-1.296875,0.625,602
603,1696245362747,-0.03125,-0.9883423,0.1083374,-0.078125,-0.984375,0.1875,603
604,1696245362787,-0.044921875,-0.991272,0.11029053,-0.1875,-0.9375,0.328125,604
605,1696245362827,-0.031982422,-0.97906494,0.12957764,0.90625,0.0,0.078125,605
606,1696245362867,-0.027832031,-0.99346924,0.10345459,0.203125,-0.125,0.375,606
607,1696245362907,-0.032470703,-1.0025024,0.12225342,2.34375,-0.640625,0.65625,607
608,1696245362947,-0.030517578,-0.97442627,0.08465576,-0.0625,0.28125,0.15625,608
609,1696245362987,-0.04248047,-0.9907837,0.124694824,2.1875,-0.578125,0.578125,609
610,1696245363027,-0.045410156,-0.9956665,0.10223389,0.5,0.25,0.296875,610
611,1696245363067,-0.033447266,-0.9885864,0.10223389,0.484375,0.875,0.46875,611
612,1696245363107,-0.028320312,-0.98443604,0.11004639,1.328125,0.453125,0.3125,612
613,1696245363147,-0.05126953,-0.9834595,0.10491943,0.296875,0.046875,0.765625,613
614,1696245363187,-0.025634766,-0.98931885,0.101257324,0.09375,0.703125,0.125,614
615,1696245363227,-0.033691406,-0.9937134,0.10076904,0.5,0.265625,0.390625,615
616,1696245363267,-0.025878906,-0.97735596,0.10614014,0.53125,-0.375,0.96875,616
617,1696245363307,-0.03564453,-0.9949341,0.09906006,0.265625,-0.015625,0.296875,617
618,1696245363347,-0.034423828,-0.989563,0.09881592,0.09375,-0.484375,0.3125,618
619,1696245363387,-0.029052734,-0.9871216,0.101989746,-0.0625,-0.5,0.0625,619
620,1696245363427,-0.02734375,-0.9920044,0.09295654,0.0,-0.546875,0.09375,620
621,1696245363467,-0.028808594,-0.99346924,0.11883545,1.6875,-1.65625,0.140625,621
622,1696245363507,-0.01977539,-0.97369385,0.07733154,-2.53125,-0.5625,-0.125,622
623,1696245363547,-0.041259766,-0.98272705,0.11004639,-0.28125,-1.21875,-0.28125,623
624,1696245363587,-0.03930664,-0.9990845,0.10272217,-0.71875,-1.0625,-0.09375,624
625,1696245363627,-0.024414062,-0.9714966,0.10003662,-1.171875,-0.671875,-0.359375,625
626,1696245363667,-0.03515625,-0.9956665,0.10296631,-1.0,-1.03125,0.234375,626
627,1696245363707,-0.03515625,-0.99591064,0.10296631,-0.53125,-0.484375,-0.0625,627
628,1696245363747,-0.022949219,-0.9758911,0.09881592,-1.15625,-1.109375,-0.234375,628
629,1696245363787,-0.033203125,-0.9902954,0.11590576,-0.296875,-0.703125,0.375,629
630,1696245363827,-0.038330078,-0.9902954,0.10662842,-0.046875,-0.859375,0.109375,630
631,1696245363867,-0.024658203,-0.98028564,0.10858154,-0.25,-0.15625,0.0625,631
632,1696245363907,-0.033691406,-0.9837036,0.10247803,-0.65625,-0.96875,0.375,632
633,1696245363947,-0.038085938,-0.9937134,0.10272217,-0.03125,-0.328125,0.5,633
634,1696245363987,-0.03149414,-0.98883057,0.105651855,1.34375,-0.734375,0.453125,634
635,1696245364027,-0.032714844,-0.9758911,0.12249756,0.453125,-0.46875,-0.03125,635
636,1696245364067,-0.03955078,-0.9937134,0.08343506,-1.34375,-0.328125,0.5625,636
637,1696245364107,-0.021972656,-0.97052,0.116882324,-0.5,0.1875,-0.359375,637
638,1696245364147,-0.03564453,-1.0100708,0.11541748,0.6875,-0.359375,0.796875,638
639,1696245364187,-0.03100586,-0.9729614,0.10687256,-0.3125,-0.09375,0.109375,639
640,1696245364227,-0.032714844,-0.9973755,0.11151123,-0.046875,-0.609375,0.453125,640
641,1696245364267,-0.028808594,-1.0020142,0.11468506,0.609375,-0.359375,0.4375,641
642,1696245364307,-0.024658203,-0.9902954,0.10272217,-0.21875,-0.890625,0.171875,642
643,1696245364347,-0.03149414,-0.9834595,0.117370605,-0.046875,-0.421875,0.046875,643
644,1696245364387,-0.044433594,-0.99957275,0.11053467,0.203125,-1.1875,0.28125,644
645,1696245364427,-0.028320312,-0.9834595,0.10736084,-0.640625,-0.25,-0.125,645
646,1696245364467,-0.03125,-0.9824829,0.10467529,0.0625,-0.25,0.125,646
647,1696245364507,-0.026855469,-0.9920044,0.11224365,-0.125,-0.484375,0.453125,647
648,1696245364547,-0.03564453,-0.9819946,0.12030029,0.921875,-0.359375,0.40625,648
649,1696245364587,-0.025390625,-0.9834595,0.10272217,-0.171875,-0.09375,0.265625,649
650,1696245364627,-0.033691406,-0.99835205,0.09857178,-0.40625,-0.25,0.953125,650
651,1696245364667,-0.036132812,-0.9841919,0.109558105,-0.78125,0.46875,0.03125,651
652,1696245364707,-0.033691406,-0.991272,0.113708496,1.078125,-0.234375,0.53125,652
653,1696245364747,-0.016357422,-0.9837036,0.11175537,0.421875,0.09375,0.015625,653
654,1696245364787,-0.037353516,-0.97784424,0.10614014,0.703125,-0.515625,0.640625,654
655,1696245364827,-0.04272461,-0.98394775,0.12420654,2.0625,0.546875,0.375,655
656,1696245364867,-0.022949219,-0.99298096,0.09857178,3.046875,0.125,0.578125,656
657,1696245364907,-0.024658203,-0.9741821,0.09857178,1.53125,0.0,0.21875,657
658,1696245364947,-0.038085938,-0.99053955,0.10418701,1.53125,0.046875,0.796875,658
659,1696245364987,-0.037109375,-0.9932251,0.09661865,0.234375,0.71875,0.859375,659
660,1696245365027,-0.025390625,-0.9800415,0.0993042,0.546875,0.9375,0.40625,660
661,1696245365067,-0.017578125,-0.9846802,0.090270996,0.53125,0.5625,0.65625,661
662,1696245365107,-0.020996094,-0.98931885,0.11029053,2.234375,1.09375,1.03125,662
663,1696245365147,-0.024658203,-0.9927368,0.081726074,1.6875,1.0625,0.6875,663
664,1696245365187,-0.020751953,-0.9829712,0.093688965,2.171875,0.015625,0.484375,664
665,1696245365227,-0.034179688,-0.9963989,0.06756592,-1.171875,1.015625,0.75,665
666,1696245365267,-0.021484375,-0.99102783,0.094177246,0.640625,0.453125,0.3125,666
667,1696245365307,-0.017822266,-0.99884033,0.08441162,-0.203125,0.21875,0.734375,667
668,1696245365347,-0.020507812,-0.9812622,0.08831787,-0.78125,-0.234375,0.546875,668
669,1696245365387,-0.02709961,-0.97979736,0.08660889,-0.828125,-1.0,0.546875,669
670,1696245365427,-0.021728516,-0.9824829,0.08709717,-0.5625,0.046875,0.6875,670
671,1696245365467,-0.016601562,-0.97979736,0.0927124,-0.53125,-0.546875,0.546875,671
672,1696245365507,-0.015625,-0.9883423,0.09490967,-0.171875,-0.515625,0.625,672
673,1696245365547,-0.033691406,-0.98760986,0.08660889,0.21875,-0.28125,0.703125,673
674,1696245365587,-0.014160156,-0.99102783,0.08709717,0.234375,0.3125,0.515625,674
675,1696245365627,-0.021972656,-0.9944458,0.09100342,-0.09375,-0.21875,0.5,675
676,1696245365667,-0.024902344,-0.98809814,0.089538574,0.28125,-0.265625,0.390625,676
677,1696245365707,-0.022705078,-0.9915161,0.08905029,-0.484375,-0.3125,-0.015625,677
678,1696245365747,-0.028076172,-0.99005127,0.09466553,-0.375,-0.609375,-0.1875,678
679,1696245365787,-0.017089844,-0.98931885,0.08905029,0.96875,-1.0,-0.25,679
680,1696245365827,-0.010986328,-0.98443604,0.07733154,-2.453125,-0.421875,-1.28125,680
681,1696245365867,-0.020019531,-0.9871216,0.105407715,-0.765625,-1.5,-0.671875,681
682,1696245365907,-0.040527344,-0.9898071,0.1005249,-1.1875,-1.296875,-0.359375,682
683,1696245365947,-0.0234375,-0.9817505,0.098083496,-0.9375,-1.25,-0.609375,683
684,1696245365987,-0.028076172,-0.99420166,0.101989746,-2.390625,-2.421875,-0.484375,684
685,1696245366027,-0.040283203,-0.9968872,0.10296631,-3.109375,-2.375,-0.75,685
686,1696245366067,-0.010498047,-0.97613525,0.093444824,-2.78125,-2.28125,-0.78125,686
687,1696245366107,-0.033935547,-0.9819946,0.116882324,-0.625,-2.09375,-0.03125,687
688,1696245366147,-0.04638672,-1.0010376,0.10491943,-1.84375,-1.421875,-0.46875,688
689,1696245366187,-0.020019531,-0.98321533,0.101257324,-1.71875,-1.09375,-0.359375,689
690,1696245366227,-0.031982422,-0.9783325,0.11151123,-1.75,-0.53125,-0.03125,690
691,1696245366267,-0.029052734,-0.9871216,0.11395264,-1.375,-0.546875,0.0,691
692,1696245366307,-0.03100586,-0.98809814,0.11566162,-0.5,-1.03125,0.125,692
693,1696245366347,-0.03564453,-0.9859009,0.11590576,-0.90625,-0.640625,0.25,693
694,1696245366387,-0.032470703,-0.98809814,0.117370605,0.53125,-0.921875,0.390625,694
695,1696245366427,-0.026367188,-0.9788208,0.14764404,0.59375,-0.53125,-0.171875,695
696,1696245366467,-0.032226562,-0.991272,0.08148193,-3.171875,-1.515625,-0.09375,696
697,1696245366507,-0.03515625,-0.9805298,0.13909912,-0.71875,-1.0,-0.28125,697
698,1696245366547,-0.045166016,-0.9937134,0.12615967,0.453125,-1.03125,0.53125,698
699,1696245366587,-0.028076172,-0.9859009,0.11468506,-1.765625,-0.328125,-0.609375,699
700,1696245366627,-0.044189453,-0.9812622,0.12200928,-1.1875,-0.71875,0.046875,700
701,1696245366667,-0.03466797,-0.99224854,0.1281128,0.296875,-1.171875,0.0,701
702,1696245366707,-0.034179688,-0.9841919,0.12615967,-0.265625,-0.640625,0.171875,702
703,1696245366747,-0.036621094,-0.98443604,0.12445068,0.296875,-0.71875,0.359375,703
704,1696245366787,-0.033447266,-0.98638916,0.12249756,0.875,-0.734375,0.09375,704
705,1696245366827,-0.03491211,-0.9741821,0.117126465,0.375,-0.375,-0.03125,705
706,1696245366867,-0.04272461,-0.98028564,0.11883545,0.953125,-0.53125,0.390625,706
707,1696245366907,-0.030517578,-0.987854,0.12420654,1.15625,-0.46875,0.171875,707
708,1696245366947,-0.040771484,-0.9854126,0.12347412,1.4375,-0.625,0.5,708
709,1696245366987,-0.036865234,-0.9807739,0.12322998,1.1875,0.28125,0.0,709
710,1696245367027,-0.04296875,-0.98028564,0.12835693,3.4375,-0.125,0.765625,710
711,1696245367067,-0.03491211,-0.9859009,0.12664795,1.53125,0.765625,0.625,711
712,1696245367107,-0.028564453,-0.99786377,0.09564209,0.078125,0.25,0.828125,712
713,1696245367147,-0.025878906,-0.9692993,0.11199951,0.296875,0.875,0.25,713
714,1696245367187,-0.037353516,-0.99884033,0.11248779,1.84375,0.28125,1.296875,714
715,1696245367227,-0.028808594,-0.9829712,0.10882568,2.109375,-0.296875,0.71875,715
716,1696245367267,-0.03930664,-0.9924927,0.11663818,1.765625,0.3125,1.125,716
717,1696245367307,-0.05419922,-0.9873657,0.1083374,2.125,0.421875,1.15625,717
718,1696245367347,-0.0068359375,-0.98101807,0.101501465,0.828125,1.0,0.703125,718
719,1696245367387,-0.0390625,-0.9927368,0.09613037,-0.21875,-0.265625,1.03125,719
720,1696245367427,-0.028076172,-0.98272705,0.10760498,0.921875,-0.09375,1.046875,720
721,1696245367467,-0.033691406,-0.9956665,0.09832764,0.609375,0.765625,1.171875,721
722,1696245367507,-0.025878906,-0.9898071,0.09515381,1.171875,0.375,0.953125,722
723,1696245367547,-0.016845703,-0.9817505,0.098083496,1.25,0.328125,0.953125,723
724,1696245367587,-0.033935547,-0.98883057,0.08831787,1.203125,0.21875,0.796875,724
725,1696245367627,-0.019042969,-0.9807739,0.101745605,1.0625,0.78125,1.015625,725
726,1696245367667,-0.030029297,-0.9902954,0.0848999,0.609375,0.421875,0.75,726
727,1696245367707,-0.01928711,-0.9951782,0.08685303,0.640625,0.484375,0.625,727
728,1696245367747,-0.016601562,-0.9824829,0.105407715,1.890625,0.25,0.640625,728
729,1696245367787,-0.018798828,-0.9937134,0.055603027,-0.9375,0.90625,0.578125,729
730,1696245367827,-0.016113281,-0.989563,0.093933105,0.765625,0.109375,0.03125,730
731,1696245367867,-0.02368164,-1.00177,0.08026123,0.359375,0.078125,0.90625,731
732,1696245367907,-0.020019531,-0.987854,0.08538818,0.0,0.578125,0.359375,732
733,1696245367947,-0.0056152344,-0.9961548,0.08319092,0.28125,0.21875,0.328125,733
734,1696245367987,-0.017333984,-0.9898071,0.074157715,-0.21875,-0.234375,0.421875,734
735,1696245368027,-0.0063476562,-0.9866333,0.08343506,-0.1875,-0.390625,0.453125,735
736,1696245368067,-0.026123047,-1.000061,0.08343506,0.171875,-0.640625,0.28125,736
737,1696245368107,-0.005859375,-0.9885864,0.082458496,-0.421875,-0.546875,-0.015625,737
738,1696245368147,-0.022216797,-0.9771118,0.08050537,-0.09375,-1.078125,0.46875,738
739,1696245368187,-0.025146484,-0.9885864,0.08782959,-0.46875,-0.046875,0.1875,739
740,1696245368227,-0.0041503906,-0.97906494,0.08099365,-0.3125,-0.375,0.28125,740
741,1696245368267,-0.024902344,-0.9890747,0.08758545,-0.03125,-0.515625,0.015625,741
742,1696245368307,-0.018066406,-0.9993286,0.082214355,-0.09375,-0.515625,0.28125,742
743,1696245368347,-0.018798828,-0.9776001,0.09246826,-0.5,-1.03125,0.09375,743
744,1696245368387,-0.020263672,-0.9963989,0.0848999,-0.25,-0.6875,-0.109375,744
745,1696245368427,-0.004638672,-0.9961548,0.07562256,0.0,-2.15625,0.203125,745
746,1696245368467,-0.028564453,-0.98272705,0.07684326,-3.375,-1.515625,-0.25,746
747,1696245368507,-0.029785156,-0.98443604,0.10369873,-0.28125,-1.578125,-0.25,747
748,1696245368547,-0.020996094,-0.99542236,0.0927124,-0.46875,-1.4375,-0.21875,748
749,1696245368587,-0.01586914,-0.9890747,0.09246826,-0.546875,-1.6875,-0.234375,749
750,1696245368627,-0.029296875,-0.9846802,0.08905029,-2.109375,-2.015625,-0.21875,750
751,1696245368667,-0.009277344,-0.987854,0.09515381,-0.703125,-1.6875,0.34375,751
752,1696245368707,-0.01586914,-0.99224854,0.09100342,-1.234375,-1.453125,-0.265625,752
753,1696245368747,-0.02368164,-0.9849243,0.09832764,-1.171875,-2.34375,0.0625,753
754,1696245368787,-0.020996094,-0.9824829,0.101989746,-1.734375,-2.078125,0.3125,754
755,1696245368827,-0.01953125,-0.99468994,0.101501465,-1.0,-1.046875,0.078125,755
756,1696245368867,-0.028076172,-0.98394775,0.10272217,-1.640625,-1.75,-0.234375,756
757,1696245368907,-0.028076172,-0.98101807,0.101745605,-1.46875,-1.28125,-0.1875,757
758,1696245368947,-0.009765625,-0.9846802,0.10736084,-1.09375,-1.328125,-0.0625,758
759,1696245368987,-0.028076172,-0.9898071,0.109069824,-1.1875,-1.625,-0.140625,759
