,timestamp,accel_x,accel_y,accel_z,gyro_x,gyro_y,gyro_z,mag_x,mag_y,mag_z,ind
0,1696243509582,0.37890625,0.099609375,-0.061523438,-60.84375,157.1875,43.125,0.0,0.0,0.0,30
1,1696243509622,-0.73828125,-0.14453125,0.4091797,-16.1875,129.59375,53.96875,0.0,0.0,0.0,31
2,1696243509662,-1.2578125,-0.37109375,1.8417969,-218.1875,-171.25,-31.84375,0.0,0.0,0.0,32
3,1696243509702,-1.4863281,1.6669922,-1.4316406,-180.96875,25.53125,42.4375,0.0,0.0,0.0,33
4,1696243509742,-0.6015625,-1.0019531,-0.9638672,-116.8125,97.875,-36.40625,0.0,0.0,0.0,34
5,1696243509782,-1.2451172,0.7607422,0.07714844,-164.3125,148.9375,119.40625,0.0,0.0,0.0,35
6,1696243509822,-1.5205078,-1.5810547,0.37695312,88.6875,189.59375,-25.375,0.0,0.0,0.0,36
7,1696243509862,-1.2236328,0.6875,0.65527344,-8.3125,168.78125,-21.46875,0.0,0.0,0.0,37
8,1696243509902,-0.90625,0.140625,0.9238281,-54.03125,106.65625,30.90625,-97.375,30.5,-66.8125,38
9,1696243509942,-0.5488281,-0.6035156,0.25,-82.40625,31.03125,30.1875,0.0,0.0,0.0,39
10,1696243509982,-0.29003906,-0.46191406,0.29882812,10.3125,-94.28125,-32.09375,0.0,0.0,0.0,40
11,1696243510022,-0.12207031,0.34472656,0.1640625,170.40625,-150.0,-10.0625,0.0,0.0,0.0,41
12,1696243510062,-2.0,0.3388672,0.59765625,102.0625,-273.78125,-0.34375,0.0,0.0,0.0,42
13,1696243510102,-2.0,0.5019531,0.140625,-314.625,-173.5625,-12.5625,0.0,0.0,0.0,43
14,1696243510142,-2.0,-0.7363281,0.27246094,77.21875,-102.15625,-70.15625,0.0,0.0,0.0,44
15,1696243510182,-1.0976562,-0.05078125,-0.09472656,240.78125,-83.21875,-83.96875,0.0,0.0,0.0,45
16,1696243510222,0.21875,0.72265625,0.06933594,173.53125,-54.25,-63.03125,0.0,0.0,0.0,46
17,1696243510262,0.5830078,0.32714844,-0.1328125,2.375,98.21875,33.09375,0.0,0.0,0.0,47
18,1696243510302,-0.17871094,0.18359375,0.037109375,-50.71875,135.28125,48.90625,0.0,0.0,0.0,48
19,1696243510342,-1.8203125,-0.328125,1.9873047,-166.9375,-85.3125,4.40625,0.0,0.0,0.0,49
20,1696243510382,-0.3671875,0.83496094,-2.0126953,-336.375,80.71875,-66.9375,0.0,0.0,0.0,50
21,1696243510422,-1.4023438,-1.0917969,-1.1513672,43.03125,147.40625,-9.6875,-94.0625,25.0625,-56.3125,51
22,1696243510462,-0.4892578,0.8828125,0.3408203,-231.75,182.34375,107.75,0.0,0.0,0.0,52
23,1696243510502,-2.0,-1.9824219,0.24804688,175.53125,227.625,-45.875,0.0,0.0,0.0,53
24,1696243510542,-0.98535156,0.859375,0.6191406,-48.03125,190.625,-62.25,0.0,0.0,0.0,54
25,1696243510582,-0.9375,0.43554688,1.0615234,-78.5625,116.0,33.90625,0.0,0.0,0.0,55
26,1696243510622,-0.49316406,-0.77441406,0.26660156,-84.71875,23.28125,48.375,0.0,0.0,0.0,56
27,1696243510662,-0.3173828,-0.71875,0.5205078,-5.8125,-96.59375,-48.5,0.0,0.0,0.0,57
28,1696243510702,-0.25390625,0.47753906,0.24121094,179.625,-158.96875,-24.09375,0.0,0.0,0.0,58
29,1696243510742,-2.0,0.2265625,0.23242188,80.75,-296.125,-25.125,0.0,0.0,0.0,59
30,1696243510782,-2.0,0.47851562,-0.46191406,-321.65625,-162.53125,-31.40625,0.0,0.0,0.0,60
31,1696243510822,-2.0,-0.8613281,0.296875,93.625,-128.28125,-76.09375,0.0,0.0,0.0,61
32,1696243510862,-0.7949219,-0.14160156,-0.19335938,306.40625,-129.3125,-70.84375,0.0,0.0,0.0,62
33,1696243510902,0.5341797,0.7167969,-0.061523438,173.71875,-30.3125,-40.625,-90.3125,14.3125,-49.4375,63
34,1696243510942,0.7529297,0.25097656,-0.29589844,-26.6875,120.4375,37.75,0.0,0.0,0.0,64
35,1696243510982,-0.1640625,0.09375,0.19921875,-98.8125,174.875,36.8125,0.0,0.0,0.0,65
36,1696243511022,-1.7802734,-0.4033203,1.9873047,-181.65625,-142.125,7.65625,0.0,0.0,0.0,66
37,1696243511062,-1.4501953,1.0009766,-2.0126953,-243.28125,77.15625,6.0625,0.0,0.0,0.0,67
38,1696243511102,0.08886719,-0.23535156,-1.234375,111.625,106.21875,-31.78125,0.0,0.0,0.0,68
39,1696243511142,-1.2988281,0.7451172,0.4892578,-242.0,183.375,136.6875,0.0,0.0,0.0,69
40,1696243511182,-1.2978516,-1.9824219,0.25097656,154.96875,248.4375,-63.34375,0.0,0.0,0.0,70
41,1696243511222,-0.93847656,1.1474609,0.58984375,35.28125,173.96875,-58.28125,0.0,0.0,0.0,71
42,1696243511262,-0.85546875,0.4296875,1.0234375,-58.65625,113.78125,31.28125,0.0,0.0,0.0,72
43,1696243511302,-0.5341797,-0.56347656,0.06640625,-98.375,15.53125,39.5,0.0,0.0,0.0,73
44,1696243511342,-0.2626953,-0.3173828,0.296875,9.59375,-80.84375,-26.90625,0.0,0.0,0.0,74
45,1696243511382,-0.6201172,0.03125,-0.17285156,146.71875,-142.5625,-22.875,0.0,0.0,0.0,75
46,1696243511422,-2.0,0.5859375,-0.0029296875,84.21875,-219.09375,-46.5,-96.4375,22.375,-60.625,76
47,1696243511462,-1.8447266,0.7363281,-0.4296875,-324.09375,-163.0,-40.625,0.0,0.0,0.0,77
48,1696243511502,-1.5615234,-0.9277344,0.41601562,167.25,-169.03125,-35.9375,0.0,0.0,0.0,78
49,1696243511542,-0.91308594,-0.07910156,-0.20996094,124.9375,-58.625,-93.3125,0.0,0.0,0.0,79
50,1696243511582,0.21289062,0.62109375,-0.19433594,146.125,-30.625,-46.625,0.0,0.0,0.0,80
51,1696243511622,0.73339844,0.20019531,-0.018554688,-2.5,125.8125,33.09375,0.0,0.0,0.0,81
52,1696243511662,-0.17871094,-0.16796875,0.17480469,8.0625,180.9375,13.4375,0.0,0.0,0.0,82
53,1696243511702,-1.9492188,-0.34375,1.9580078,-192.25,-90.875,-32.09375,0.0,0.0,0.0,83
54,1696243511742,-1.1679688,0.8642578,-2.0126953,-180.46875,53.71875,-73.53125,0.0,0.0,0.0,84
55,1696243511782,-0.5,-0.6425781,-1.9980469,52.1875,85.15625,24.8125,0.0,0.0,0.0,85
56,1696243511822,-0.6904297,0.62890625,0.2763672,-217.84375,178.3125,89.0625,0.0,0.0,0.0,86
57,1696243511862,-1.7978516,-1.765625,0.41503906,116.75,261.6875,-81.875,0.0,0.0,0.0,87
58,1696243511902,-1.015625,0.9707031,0.6533203,-12.03125,178.84375,-29.28125,-96.3125,23.3125,-64.125,88
59,1696243511942,-0.87597656,0.19628906,0.984375,-73.125,110.4375,45.0625,0.0,0.0,0.0,89
60,1696243511982,-0.5214844,-0.89453125,0.11328125,-91.6875,13.25,28.46875,0.0,0.0,0.0,90
61,1696243512022,-0.27539062,-0.26171875,0.32617188,-8.53125,-88.0625,-57.59375,0.0,0.0,0.0,91
62,1696243512062,-0.07714844,0.31152344,0.30664062,159.65625,-159.40625,-20.0,0.0,0.0,0.0,92
63,1696243512102,-2.0,0.5390625,0.22265625,0.1875,-297.40625,17.0625,0.0,0.0,0.0,93
64,1696243512142,-2.0,0.5488281,-0.32714844,-265.625,-179.84375,-5.46875,0.0,0.0,0.0,94
65,1696243512182,-1.7685547,-0.6904297,0.43359375,77.8125,-135.125,-86.53125,0.0,0.0,0.0,95
66,1696243512222,-0.7373047,-0.45117188,-0.078125,311.15625,-121.4375,-54.3125,0.0,0.0,0.0,96
67,1696243512262,0.1484375,0.83984375,-0.19921875,158.6875,-26.21875,-38.96875,0.0,0.0,0.0,97
68,1696243512302,0.703125,0.33203125,-0.2705078,-46.75,125.5,42.25,0.0,0.0,0.0,98
69,1696243512342,-0.25683594,-0.07421875,0.060546875,-65.75,190.375,24.3125,0.0,0.0,0.0,99
70,1696243512382,-2.0,-0.484375,1.9873047,-230.90625,-118.8125,-18.40625,0.0,0.0,0.0,100
71,1696243512422,-0.83691406,1.3935547,-2.0126953,-214.59375,82.28125,-23.78125,-86.5625,9.1875,-49.6875,101
72,1696243512462,0.0,-0.69140625,-1.5898438,-30.34375,98.96875,-18.46875,0.0,0.0,0.0,102
73,1696243512502,-0.6777344,0.35351562,-0.49023438,-140.0625,202.46875,124.71875,0.0,0.0,0.0,103
74,1696243512542,-1.7158203,-1.8037109,0.46679688,196.53125,227.625,-52.28125,0.0,0.0,0.0,104
75,1696243512582,-1.0419922,1.3515625,0.85058594,7.4375,172.6875,-38.375,0.0,0.0,0.0,105
76,1696243512622,-0.8330078,0.18945312,0.85839844,-63.46875,105.1875,42.8125,0.0,0.0,0.0,106
77,1696243512662,-0.30566406,-0.9160156,-0.390625,-86.25,18.28125,24.25,0.0,0.0,0.0,107
78,1696243512702,-0.040039062,-0.14550781,0.60058594,73.125,-88.34375,-34.09375,0.0,0.0,0.0,108
79,1696243512742,-0.3251953,0.3857422,0.19238281,101.1875,-143.96875,-0.90625,0.0,0.0,0.0,109
80,1696243512782,-2.0,0.0859375,0.14746094,-7.1875,-288.5,-24.9375,0.0,0.0,0.0,110
81,1696243512822,-1.9111328,0.33398438,-0.41503906,-263.1875,-165.875,-49.84375,0.0,0.0,0.0,111
82,1696243512862,-1.7421875,-0.65625,0.5078125,144.40625,-140.65625,-78.46875,0.0,0.0,0.0,112
83,1696243512902,-0.8925781,-0.17871094,-0.140625,295.96875,-141.875,-87.0625,-87.4375,25.0625,-45.0625,113
84,1696243512942,0.36328125,0.74316406,-0.16503906,144.09375,-2.0625,-49.71875,0.0,0.0,0.0,114
85,1696243512982,0.87597656,0.15722656,-0.7607422,9.09375,142.53125,46.34375,0.0,0.0,0.0,115
86,1696243513022,-0.45214844,-0.18945312,0.7128906,-56.28125,152.25,20.78125,0.0,0.0,0.0,116
87,1696243513062,-1.7695312,0.3173828,1.3134766,-123.09375,-184.84375,15.21875,0.0,0.0,0.0,117
88,1696243513102,-2.0,2.0175781,1.9873047,-13.5,-12.1875,18.5,0.0,0.0,0.0,118
89,1696243513142,0.16503906,-0.8544922,-0.8466797,-242.625,140.71875,7.09375,0.0,0.0,0.0,119
90,1696243513182,-1.9365234,0.3857422,-0.5263672,-159.59375,204.1875,183.0,0.0,0.0,0.0,120
91,1696243513222,-1.5556641,-0.6816406,0.5527344,182.5,229.5,-28.78125,0.0,0.0,0.0,121
92,1696243513262,-0.91503906,0.8886719,0.65625,-84.65625,166.34375,-4.875,0.0,0.0,0.0,122
93,1696243513302,-0.5996094,-0.25195312,0.6591797,-47.53125,101.875,52.09375,0.0,0.0,0.0,123
94,1696243513342,-0.27246094,-0.9785156,0.12402344,-11.40625,55.4375,7.65625,0.0,0.0,0.0,124
95,1696243513382,-0.23144531,0.29101562,0.3544922,69.34375,-78.03125,-38.6875,0.0,0.0,0.0,125
96,1696243513422,-1.2509766,0.29589844,-0.17285156,114.9375,-184.78125,-2.375,-100.1875,25.25,-69.1875,126
97,1696243513462,-2.0,0.70996094,0.2939453,-69.8125,-227.09375,-17.5,0.0,0.0,0.0,127
98,1696243513502,-2.0,0.125,-0.5576172,-136.28125,-134.5,-29.15625,0.0,0.0,0.0,128
99,1696243513542,-1.8408203,-0.84472656,-0.005859375,142.34375,-164.53125,-75.59375,0.0,0.0,0.0,129
100,1696243513582,-0.45507812,0.076171875,-0.19335938,283.6875,-125.71875,-85.25,0.0,0.0,0.0,130
101,1696243513622,0.6328125,0.98339844,-0.26757812,119.375,3.1875,-15.78125,0.0,0.0,0.0,131
102,1696243513662,0.65722656,-0.2265625,-0.82128906,27.59375,99.25,34.5625,0.0,0.0,0.0,132
103,1696243513702,-0.41796875,-0.053710938,1.046875,-163.09375,159.9375,-18.53125,0.0,0.0,0.0,133
104,1696243513742,-1.71875,-0.0126953125,1.3164062,-74.03125,-190.28125,9.1875,0.0,0.0,0.0,134
105,1696243513782,-2.0,2.0175781,1.9873047,-12.5625,-21.90625,-2.71875,0.0,0.0,0.0,135
106,1696243513822,0.45898438,-0.3857422,-1.2080078,-199.9375,121.59375,29.0,0.0,0.0,0.0,136
107,1696243513862,-1.8916016,0.29882812,0.026367188,-126.84375,192.84375,178.90625,0.0,0.0,0.0,137
108,1696243513902,-1.4638672,-0.74609375,0.69140625,116.9375,250.6875,-54.0625,-91.9375,28.6875,-57.6875,138
109,1696243513942,-0.9560547,0.85546875,0.6484375,-53.90625,182.53125,-11.875,0.0,0.0,0.0,139
110,1696243513982,-0.43066406,-0.19921875,0.5566406,-56.21875,121.46875,38.21875,0.0,0.0,0.0,140
111,1696243514022,-0.3955078,-0.87597656,0.2607422,9.8125,30.53125,-7.1875,0.0,0.0,0.0,141
112,1696243514062,-0.27734375,0.8232422,0.38867188,104.25,-108.375,-29.09375,0.0,0.0,0.0,142
113,1696243514102,-0.8544922,0.47460938,-0.12109375,119.5,-195.53125,40.0625,0.0,0.0,0.0,143
114,1696243514142,-2.0,-0.50097656,0.041015625,-51.5,-319.0,-5.90625,0.0,0.0,0.0,144
115,1696243514182,-2.0,-0.055664062,0.2783203,-59.875,-141.28125,-97.09375,0.0,0.0,0.0,145
116,1696243514222,-1.1103516,-0.2548828,0.013671875,150.5625,-150.90625,-94.15625,0.0,0.0,0.0,146
117,1696243514262,-0.6142578,0.1015625,-0.32226562,280.8125,-128.03125,-79.25,0.0,0.0,0.0,147
118,1696243514302,0.5136719,1.0253906,-0.125,76.53125,2.78125,-21.59375,0.0,0.0,0.0,148
119,1696243514342,0.6982422,-0.09863281,-0.92089844,-89.46875,193.125,54.65625,0.0,0.0,0.0,149
120,1696243514382,-1.1162109,-0.22265625,1.3417969,-80.4375,131.625,1.59375,0.0,0.0,0.0,150
121,1696243514422,-0.81640625,0.43164062,-0.69140625,-113.65625,-110.625,6.90625,-90.4375,27.3125,-51.6875,151
122,1696243514462,-2.0,-0.61035156,1.9853516,146.4375,17.65625,40.25,0.0,0.0,0.0,152
123,1696243514502,0.68652344,0.21777344,-0.58691406,-238.15625,195.28125,14.65625,0.0,0.0,0.0,153
124,1696243514542,-2.0,0.43164062,-0.46972656,-132.25,211.375,277.84375,0.0,0.0,0.0,154
125,1696243514582,-1.3691406,-0.6904297,0.6738281,122.375,223.21875,-11.625,0.0,0.0,0.0,155
126,1696243514622,-0.8339844,0.86328125,0.8417969,-46.875,162.9375,4.84375,0.0,0.0,0.0,156
127,1696243514662,-0.4169922,-0.49902344,0.63183594,-67.03125,99.6875,35.125,0.0,0.0,0.0,157
128,1696243514702,-0.4091797,-0.79785156,0.5957031,4.21875,-18.46875,-33.5,0.0,0.0,0.0,158
129,1696243514742,-0.09082031,0.77734375,0.4873047,119.9375,-136.5625,-41.4375,0.0,0.0,0.0,159
130,1696243514782,-1.0458984,0.3232422,-0.095703125,107.3125,-208.90625,27.65625,0.0,0.0,0.0,160
131,1696243514822,-2.0,-0.19042969,-0.033203125,-169.3125,-287.53125,-28.40625,0.0,0.0,0.0,161
132,1696243514862,-2.0,-0.064453125,0.26757812,-66.65625,-158.84375,-129.5,0.0,0.0,0.0,162
133,1696243514902,-1.2226562,-0.2861328,0.0126953125,188.84375,-130.09375,-50.53125,-91.625,23.0,-48.6875,163
134,1696243514942,-0.66796875,0.24414062,-0.0546875,232.46875,-105.4375,-51.90625,0.0,0.0,0.0,164
135,1696243514982,0.8486328,0.7080078,0.1015625,46.5625,34.6875,-3.65625,0.0,0.0,0.0,165
136,1696243515022,0.46191406,-0.3173828,-0.71191406,-23.625,219.0,72.34375,0.0,0.0,0.0,166
137,1696243515062,-1.3544922,-0.20117188,1.25,-43.75,104.9375,11.5,0.0,0.0,0.0,167
138,1696243515102,-1.0058594,0.27246094,1.2265625,-46.25,-234.59375,-26.84375,0.0,0.0,0.0,168
139,1696243515142,-2.0,2.0175781,1.9873047,34.0,-15.78125,63.1875,0.0,0.0,0.0,169
140,1696243515182,0.9501953,-0.13378906,-0.9609375,-234.25,153.03125,-14.8125,0.0,0.0,0.0,170
141,1696243515222,-1.6728516,0.2890625,-0.3935547,-183.15625,204.78125,187.8125,0.0,0.0,0.0,171
142,1696243515262,-1.1230469,-1.4482422,0.40234375,162.40625,247.75,-31.15625,0.0,0.0,0.0,172
143,1696243515302,-1.0859375,1.1142578,0.67089844,-23.75,187.03125,-19.6875,0.0,0.0,0.0,173
144,1696243515342,-0.90234375,-0.3173828,0.9404297,-54.4375,139.78125,36.03125,0.0,0.0,0.0,174
145,1696243515382,-0.1484375,-0.87109375,0.057617188,27.90625,38.03125,-5.09375,0.0,0.0,0.0,175
146,1696243515422,-0.12597656,0.7421875,0.11425781,88.875,-85.71875,-30.9375,-102.75,29.3125,-72.375,176
147,1696243515462,-0.36132812,0.515625,0.14257812,93.1875,-177.21875,18.21875,0.0,0.0,0.0,177
148,1696243515502,-2.0,-0.35351562,0.041992188,-83.6875,-296.96875,19.5625,0.0,0.0,0.0,178
149,1696243515542,-2.0,0.0625,-0.029296875,-168.28125,-174.125,-52.21875,0.0,0.0,0.0,179
150,1696243515582,-1.5039062,-0.057617188,0.30664062,78.0625,-149.5,-102.75,0.0,0.0,0.0,180
151,1696243515622,-0.7861328,-0.17773438,-0.10253906,335.75,-134.3125,-77.5,0.0,0.0,0.0,181
152,1696243515662,-0.001953125,0.84472656,-0.07714844,86.0,-16.28125,-47.03125,0.0,0.0,0.0,182
153,1696243515702,0.67089844,0.2763672,-0.38671875,-50.46875,135.9375,35.125,0.0,0.0,0.0,183
154,1696243515742,-0.16992188,-0.09765625,-0.09667969,-14.78125,160.125,45.4375,0.0,0.0,0.0,184
155,1696243515782,-2.0,-0.14355469,1.9873047,-200.6875,-188.40625,-26.21875,0.0,0.0,0.0,185
156,1696243515822,-0.7675781,1.15625,-2.0126953,-279.71875,77.46875,-34.90625,0.0,0.0,0.0,186
157,1696243515862,0.08300781,-0.6533203,-1.0878906,-13.25,31.5,-55.875,0.0,0.0,0.0,187
158,1696243515902,0.31054688,0.9921875,-0.36816406,-216.3125,173.90625,79.65625,-93.125,21.9375,-52.5625,188
159,1696243515942,-2.0,-1.9824219,0.27246094,128.125,285.0625,-9.6875,0.0,0.0,0.0,189
160,1696243515982,-1.1035156,1.1259766,0.75,-12.8125,177.28125,-61.875,0.0,0.0,0.0,190
161,1696243516022,-0.74902344,0.54296875,1.0576172,-68.84375,130.40625,52.4375,0.0,0.0,0.0,191
162,1696243516062,-0.39746094,-1.4013672,-0.5283203,-74.53125,62.21875,40.375,0.0,0.0,0.0,192
163,1696243516102,-0.30273438,0.037109375,0.83691406,-0.84375,-84.34375,-48.5,0.0,0.0,0.0,193
164,1696243516142,-0.060546875,0.58691406,0.17871094,138.125,-152.375,-5.78125,0.0,0.0,0.0,194
165,1696243516182,-2.0,0.057617188,0.20703125,64.6875,-279.53125,35.125,0.0,0.0,0.0,195
166,1696243516222,-2.0,0.2626953,0.119140625,-296.5,-185.71875,-11.40625,0.0,0.0,0.0,196
167,1696243516262,-1.8183594,-0.5136719,0.4248047,25.6875,-138.09375,-96.59375,0.0,0.0,0.0,197
168,1696243516302,-1.1708984,-0.31640625,-0.16308594,314.875,-131.15625,-57.28125,0.0,0.0,0.0,198
169,1696243516342,-0.19140625,0.7089844,-0.115234375,182.375,-93.96875,-46.0,0.0,0.0,0.0,199
170,1696243516382,0.8046875,0.65234375,0.04296875,-13.25,66.78125,14.5625,0.0,0.0,0.0,200
171,1696243516422,0.1953125,-0.10058594,-0.56152344,-27.53125,204.125,56.46875,-89.375,27.9375,-48.5,201
172,1696243516462,-1.9882812,-0.61035156,1.9873047,-94.0,-48.75,11.5,0.0,0.0,0.0,202
173,1696243516502,1.2587891,0.37597656,-2.0126953,-221.5,51.59375,-33.78125,0.0,0.0,0.0,203
174,1696243516542,-2.0,-1.9824219,-2.0126953,303.40625,40.25,95.1875,0.0,0.0,0.0,204
175,1696243516582,0.12207031,0.7685547,0.3251953,-192.875,143.21875,17.21875,0.0,0.0,0.0,205
176,1696243516622,-2.0,0.14941406,0.055664062,37.46875,185.25,251.78125,0.0,0.0,0.0,206
177,1696243516662,-1.2509766,0.059570312,0.5410156,31.6875,208.53125,-55.40625,0.0,0.0,0.0,207
178,1696243516702,-0.9189453,0.75,0.7753906,-65.6875,158.65625,21.4375,0.0,0.0,0.0,208
179,1696243516742,-0.49902344,-0.5878906,0.5292969,-65.84375,101.21875,53.78125,0.0,0.0,0.0,209
180,1696243516782,-0.22167969,-0.94628906,0.69140625,-0.65625,-14.6875,-15.125,0.0,0.0,0.0,210
181,1696243516822,-0.16601562,0.5498047,0.16503906,109.75,-120.09375,-41.3125,0.0,0.0,0.0,211
182,1696243516862,-1.4589844,0.25195312,-0.13769531,158.8125,-233.875,11.9375,0.0,0.0,0.0,212
183,1696243516902,-2.0,0.76953125,0.3955078,-181.46875,-247.28125,-25.90625,-100.1875,27.0625,-64.25,213
184,1696243516942,-2.0,-0.40625,0.19238281,61.46875,-163.8125,-47.78125,0.0,0.0,0.0,214
185,1696243516982,-1.6103516,-0.43945312,-0.14160156,242.6875,-156.59375,-76.625,0.0,0.0,0.0,215
186,1696243517022,-0.21679688,0.33691406,-0.24511719,282.21875,-134.125,-35.0,0.0,0.0,0.0,216
187,1696243517062,0.7246094,0.87402344,-0.10449219,54.8125,49.65625,-0.90625,0.0,0.0,0.0,217
188,1696243517102,0.6269531,-0.20800781,-1.0751953,-50.28125,166.15625,38.09375,0.0,0.0,0.0,218
189,1696243517142,-0.7675781,0.07128906,1.2236328,-173.03125,148.53125,-6.21875,0.0,0.0,0.0,219
190,1696243517182,-1.5820312,-0.09082031,1.4365234,-74.15625,-187.0625,-1.1875,0.0,0.0,0.0,220
191,1696243517222,-2.0,2.0175781,1.9873047,-42.0,10.9375,54.34375,0.0,0.0,0.0,221
192,1696243517262,0.66308594,-0.119140625,-0.83496094,-185.5625,130.40625,-11.03125,0.0,0.0,0.0,222
193,1696243517302,-2.0,0.42773438,-0.5527344,-188.96875,226.28125,225.0,0.0,0.0,0.0,223
194,1696243517342,-1.3027344,-1.2128906,0.33984375,113.21875,261.4375,-22.6875,0.0,0.0,0.0,224
195,1696243517382,-1.0644531,1.0957031,0.6621094,-26.375,200.8125,-14.1875,0.0,0.0,0.0,225
196,1696243517422,-0.5966797,-0.14160156,0.6777344,-74.21875,134.53125,47.6875,-102.0,26.3125,-73.375,226
197,1696243517462,-0.34277344,-1.2353516,0.6923828,25.15625,4.53125,12.40625,0.0,0.0,0.0,227
198,1696243517502,-0.20898438,0.4580078,0.06738281,78.25,-111.375,-46.65625,0.0,0.0,0.0,228
199,1696243517542,-0.4736328,0.4892578,0.15429688,136.71875,-192.0625,7.09375,0.0,0.0,0.0,229
200,1696243517582,-2.0,-0.041015625,-0.00390625,-56.59375,-317.71875,-28.375,0.0,0.0,0.0,230
201,1696243517622,-2.0,0.21386719,-0.2734375,-181.40625,-137.96875,-83.28125,0.0,0.0,0.0,231
202,1696243517662,-1.8349609,-0.47851562,0.043945312,111.03125,-167.59375,-85.1875,0.0,0.0,0.0,232
203,1696243517702,-0.69628906,-0.068359375,-0.051757812,319.75,-134.0,-71.625,0.0,0.0,0.0,233
204,1696243517742,0.5107422,0.79589844,-0.0546875,138.25,-29.75,-50.5625,0.0,0.0,0.0,234
205,1696243517782,0.7236328,0.030273438,-0.50683594,-13.1875,101.71875,52.9375,0.0,0.0,0.0,235
206,1696243517822,-0.20605469,0.26464844,0.087890625,-78.84375,144.6875,31.03125,0.0,0.0,0.0,236
207,1696243517862,-1.6269531,-0.13964844,1.9873047,-233.8125,-268.59375,-18.28125,0.0,0.0,0.0,237
208,1696243517902,-1.1044922,1.3720703,-1.2060547,-227.1875,36.40625,9.40625,-87.875,22.5625,-52.125,238
209,1696243517942,0.3779297,-0.140625,-0.5410156,-126.96875,71.375,-40.375,0.0,0.0,0.0,239
210,1696243517982,-0.7167969,0.6777344,-0.53222656,-210.28125,242.03125,150.65625,0.0,0.0,0.0,240
211,1696243518022,-1.9912109,-1.9824219,0.31347656,163.09375,259.1875,-67.0625,0.0,0.0,0.0,241
212,1696243518062,-1.1220703,1.2021484,0.8388672,-85.03125,182.46875,-47.15625,0.0,0.0,0.0,242
213,1696243518102,-0.78808594,0.24414062,1.1513672,-46.375,134.125,43.21875,0.0,0.0,0.0,243
214,1696243518142,-0.19433594,-1.2597656,-0.119140625,-11.28125,71.8125,26.3125,0.0,0.0,0.0,244
215,1696243518182,-0.32910156,0.43945312,0.099609375,90.28125,-102.9375,-48.3125,0.0,0.0,0.0,245
216,1696243518222,-0.31640625,0.5917969,0.095703125,168.28125,-198.53125,10.40625,0.0,0.0,0.0,246
217,1696243518262,-2.0,0.09765625,0.4375,-13.0625,-326.40625,8.3125,0.0,0.0,0.0,247
218,1696243518302,-2.0,-0.2109375,-0.328125,-159.53125,-173.375,-46.0,0.0,0.0,0.0,248
219,1696243518342,-1.9667969,-0.42285156,-0.009765625,135.1875,-155.1875,-106.125,0.0,0.0,0.0,249
220,1696243518382,-0.6894531,-0.0546875,-0.045898438,369.5,-149.875,-87.1875,0.0,0.0,0.0,250
221,1696243518422,0.5097656,1.0019531,-0.09667969,116.28125,-8.34375,-57.28125,-88.8125,27.5,-47.0,251
222,1696243518462,0.70410156,-0.15917969,-0.8046875,-17.625,112.25,37.9375,0.0,0.0,0.0,252
223,1696243518502,-0.028320312,0.2939453,-0.033203125,-193.0625,171.40625,0.21875,0.0,0.0,0.0,253
224,1696243518542,-2.0,-0.16210938,1.9873047,-129.21875,-80.125,-7.90625,0.0,0.0,0.0,254
225,1696243518582,0.19042969,0.375,-2.0126953,-275.5625,138.5625,-38.8125,0.0,0.0,0.0,255
226,1696243518622,-0.9355469,-1.5175781,-2.0126953,-63.65625,114.09375,-111.3125,0.0,0.0,0.0,256
227,1696243518662,0.6738281,1.0537109,-0.7529297,-225.90625,161.53125,93.09375,0.0,0.0,0.0,257
228,1696243518702,-2.0,-1.5488281,0.8251953,206.25,231.09375,72.46875,0.0,0.0,0.0,258
229,1696243518742,-1.2070312,1.0849609,0.9785156,-77.875,181.0,-72.1875,0.0,0.0,0.0,259
230,1696243518782,-0.6064453,0.39453125,0.9609375,-60.5,132.59375,56.71875,0.0,0.0,0.0,260
231,1696243518822,-0.2939453,-1.2285156,-0.12207031,-26.25,30.59375,42.875,0.0,0.0,0.0,261
232,1696243518862,-0.3515625,0.15234375,0.39746094,76.78125,-101.34375,-31.78125,0.0,0.0,0.0,262
233,1696243518902,-0.54589844,0.39453125,0.04296875,157.65625,-205.71875,-5.21875,-102.125,23.5625,-74.3125,263
234,1696243518942,-2.0,0.10449219,0.19140625,-16.28125,-279.34375,-30.375,0.0,0.0,0.0,264
235,1696243518982,-2.0,0.00390625,0.06933594,-85.5625,-152.75,-80.0,0.0,0.0,0.0,265
236,1696243519022,-1.5791016,-0.34960938,0.09667969,93.375,-174.125,-43.625,0.0,0.0,0.0,266
237,1696243519062,-0.5703125,-0.24121094,-0.12109375,317.5625,-145.5625,-50.28125,0.0,0.0,0.0,267
238,1696243519102,0.4189453,0.703125,-0.25195312,162.65625,-25.3125,-11.8125,0.0,0.0,0.0,268
239,1696243519142,0.6376953,0.09667969,-0.26367188,-38.8125,99.4375,52.15625,0.0,0.0,0.0,269
240,1696243519182,-0.2529297,0.13671875,-0.0107421875,-113.28125,215.15625,16.0,0.0,0.0,0.0,270
241,1696243519222,-2.0,-0.18164062,1.9873047,-205.1875,-303.09375,-15.125,0.0,0.0,0.0,271
242,1696243519262,-0.8779297,1.6953125,-0.7792969,-174.875,20.46875,-13.21875,0.0,0.0,0.0,272
243,1696243519302,0.09863281,-0.6308594,-1.0175781,-155.625,105.96875,-20.0625,0.0,0.0,0.0,273
244,1696243519342,-0.70410156,0.7236328,-0.45410156,-228.03125,252.78125,140.09375,0.0,0.0,0.0,274
245,1696243519382,-2.0,-1.8691406,0.4658203,182.625,281.09375,-40.6875,0.0,0.0,0.0,275
246,1696243519422,-1.1386719,0.8730469,0.82910156,-70.9375,200.75,-32.5625,-99.625,27.3125,-66.5,276
247,1696243519462,-0.61035156,0.27734375,0.7841797,-61.71875,133.5625,40.25,0.0,0.0,0.0,277
248,1696243519502,-0.39746094,-1.0615234,0.048828125,-64.15625,33.84375,11.0625,0.0,0.0,0.0,278
249,1696243519542,-0.3408203,0.033203125,0.29003906,94.3125,-89.21875,-61.5,0.0,0.0,0.0,279
250,1696243519582,-0.20605469,0.5546875,0.34375,148.4375,-179.84375,-10.1875,0.0,0.0,0.0,280
251,1696243519622,-2.0,-0.053710938,0.17871094,26.5625,-311.25,25.90625,0.0,0.0,0.0,281
252,1696243519662,-2.0,0.2578125,0.08691406,-151.3125,-182.28125,-24.03125,0.0,0.0,0.0,282
253,1696243519702,-1.3642578,-0.14355469,0.33007812,28.8125,-161.84375,-84.15625,0.0,0.0,0.0,283
254,1696243519742,-1.1582031,-0.3544922,-0.06542969,289.4375,-126.75,-70.0,0.0,0.0,0.0,284
255,1696243519782,0.1875,0.64941406,-0.033203125,159.4375,-33.3125,-55.03125,0.0,0.0,0.0,285
256,1696243519822,0.9003906,0.14941406,-0.3642578,-15.6875,135.46875,41.09375,0.0,0.0,0.0,286
257,1696243519862,-0.119140625,-0.021484375,-0.14648438,-74.34375,198.5,23.46875,0.0,0.0,0.0,287
258,1696243519902,-2.0,-0.3203125,1.9873047,-159.53125,-77.0625,-18.40625,-91.625,27.0625,-54.375,288
259,1696243519942,-1.4765625,0.056640625,-2.0126953,-205.4375,-57.46875,15.40625,0.0,0.0,0.0,289
260,1696243519982,0.23632812,0.1875,-1.2675781,162.28125,47.09375,15.78125,0.0,0.0,0.0,290
261,1696243520022,-1.1318359,0.52441406,0.50683594,-273.625,208.8125,90.59375,0.0,0.0,0.0,291
262,1696243520062,-2.0,-1.8408203,0.21484375,35.65625,281.46875,4.15625,0.0,0.0,0.0,292
263,1696243520102,-1.1484375,0.5986328,0.57128906,72.5,200.28125,-19.28125,0.0,0.0,0.0,293
264,1696243520142,-0.77734375,0.3798828,0.8535156,-23.4375,144.90625,32.1875,0.0,0.0,0.0,294
265,1696243520182,-0.41308594,-0.78027344,-0.26953125,-61.875,114.34375,20.84375,0.0,0.0,0.0,295
266,1696243520222,-0.46484375,-0.43066406,1.5722656,-30.875,-51.375,-66.75,0.0,0.0,0.0,296
267,1696243520262,-0.16015625,0.7734375,0.24804688,100.03125,-147.3125,-37.21875,0.0,0.0,0.0,297
268,1696243520302,-2.0,0.15820312,-0.15527344,86.5,-279.9375,9.71875,0.0,0.0,0.0,298
269,1696243520342,-2.0,0.8144531,0.38378906,-314.5,-288.4375,-21.28125,0.0,0.0,0.0,299
270,1696243520382,-2.0,-0.24023438,0.3701172,84.03125,-229.40625,-75.1875,0.0,0.0,0.0,300
271,1696243520422,-1.3828125,-0.48828125,-0.053710938,188.21875,-184.71875,-42.28125,-89.5625,18.625,-49.125,301
272,1696243520462,-0.30273438,0.27148438,-0.06347656,171.25,-105.75,-40.125,0.0,0.0,0.0,302
273,1696243520502,0.82714844,0.6533203,0.1875,23.1875,57.34375,1.125,0.0,0.0,0.0,303
274,1696243520542,0.6044922,0.08203125,-0.90527344,-10.8125,224.5625,67.34375,0.0,0.0,0.0,304
275,1696243520582,-1.6171875,-0.7607422,1.4873047,-63.125,136.0,-9.9375,0.0,0.0,0.0,305
276,1696243520622,-1.0449219,0.3642578,0.6923828,-66.15625,-195.15625,-68.28125,0.0,0.0,0.0,306
277,1696243520662,-2.0,2.0175781,1.9873047,166.3125,-78.21875,122.28125,0.0,0.0,0.0,307
278,1696243520702,0.8457031,0.34277344,-1.0751953,-263.6875,191.84375,14.5,0.0,0.0,0.0,308
279,1696243520742,-2.0,0.09375,-0.18652344,-165.15625,149.875,229.75,0.0,0.0,0.0,309
280,1696243520782,-1.1904297,-1.0136719,0.4423828,91.5,227.4375,-18.0,0.0,0.0,0.0,310
281,1696243520822,-1.3320312,0.8027344,0.6279297,-5.625,195.9375,22.46875,0.0,0.0,0.0,311
282,1696243520862,-0.8076172,-0.23046875,1.0478516,-68.59375,124.21875,49.8125,0.0,0.0,0.0,312
283,1696243520902,-0.38964844,-1.2236328,-0.4169922,-45.53125,72.96875,12.03125,-102.0,22.6875,-73.6875,313
284,1696243520942,-0.40625,0.15917969,0.7753906,45.34375,-86.15625,-65.40625,0.0,0.0,0.0,314
285,1696243520982,-0.09375,0.8183594,0.10839844,136.0,-167.15625,-8.21875,0.0,0.0,0.0,315
286,1696243521022,-2.0,-0.07324219,0.22167969,24.34375,-315.34375,-6.28125,0.0,0.0,0.0,316
287,1696243521062,-2.0,0.39160156,-0.037109375,-300.78125,-189.75,-16.75,0.0,0.0,0.0,317
288,1696243521102,-2.0,-0.5683594,0.359375,62.125,-163.84375,-80.0625,0.0,0.0,0.0,318
289,1696243521142,-1.2617188,-0.2998047,-0.15820312,301.5,-127.46875,-101.46875,0.0,0.0,0.0,319
290,1696243521182,0.12402344,0.6064453,-0.057617188,168.8125,-76.53125,-48.4375,0.0,0.0,0.0,320
291,1696243521222,1.0166016,0.44726562,-0.12109375,-14.53125,90.78125,24.4375,0.0,0.0,0.0,321
292,1696243521262,0.24023438,0.0126953125,-0.4033203,-96.75,204.78125,23.21875,0.0,0.0,0.0,322
293,1696243521302,-1.7773438,-0.75683594,1.5742188,-116.875,-24.875,-3.46875,0.0,0.0,0.0,323
294,1696243521342,0.42773438,0.016601562,-2.0126953,-177.5625,-2.25,-28.96875,0.0,0.0,0.0,324
295,1696243521382,-2.0,-1.9541016,-1.2900391,482.71875,-142.375,146.6875,0.0,0.0,0.0,325
296,1696243521422,0.57128906,0.9433594,0.40625,-266.84375,138.5,18.46875,-87.4375,21.8125,-53.1875,326
297,1696243521462,-2.0,0.37402344,-0.09863281,-81.84375,134.96875,326.25,0.0,0.0,0.0,327
298,1696243521502,-1.2402344,-0.77246094,0.359375,86.59375,239.03125,21.8125,0.0,0.0,0.0,328
299,1696243521542,-0.9921875,0.7441406,0.90722656,-36.125,141.5,16.0625,0.0,0.0,0.0,329
300,1696243521582,-0.4873047,-0.29589844,0.6269531,-63.59375,122.03125,39.15625,0.0,0.0,0.0,330
301,1696243521622,-0.14648438,-1.2070312,0.16894531,48.21875,27.84375,-13.15625,0.0,0.0,0.0,331
302,1696243521662,-0.203125,0.8027344,0.18261719,124.21875,-105.15625,-51.90625,0.0,0.0,0.0,332
303,1696243521702,-0.4033203,0.671875,0.15917969,121.03125,-191.25,20.96875,0.0,0.0,0.0,333
304,1696243521742,-2.0,-0.13085938,-0.053710938,-66.53125,-320.78125,-20.375,0.0,0.0,0.0,334
305,1696243521782,-2.0,-0.2939453,-0.23925781,-60.0,-114.34375,-124.96875,0.0,0.0,0.0,335
306,1696243521822,-1.2988281,-0.15917969,0.046875,137.03125,-138.03125,-61.6875,0.0,0.0,0.0,336
307,1696243521862,-0.9511719,-0.06933594,-0.07714844,303.53125,-120.34375,-70.65625,0.0,0.0,0.0,337
308,1696243521902,0.030273438,0.79003906,-0.028320312,98.875,-13.21875,-41.4375,-83.25,20.875,-50.75,338
309,1696243521942,0.95410156,0.064453125,-0.28027344,-29.53125,133.125,45.96875,0.0,0.0,0.0,339
310,1696243521982,-0.44726562,0.00390625,0.2109375,-53.53125,178.65625,30.28125,0.0,0.0,0.0,340
311,1696243522022,-2.0,-0.025390625,1.9873047,-200.125,-222.4375,-23.28125,0.0,0.0,0.0,341
312,1696243522062,-0.78222656,0.95703125,-2.0126953,-215.75,47.4375,-11.34375,0.0,0.0,0.0,342
313,1696243522102,-0.09082031,-0.39648438,-1.4501953,6.21875,60.625,-17.4375,0.0,0.0,0.0,343
314,1696243522142,-0.6220703,1.0429688,0.2109375,-217.40625,186.84375,133.125,0.0,0.0,0.0,344
315,1696243522182,-2.0,-1.9824219,0.31835938,55.40625,273.03125,26.21875,0.0,0.0,0.0,345
316,1696243522222,-1.0986328,0.5449219,0.87402344,-38.4375,225.375,-41.0625,0.0,0.0,0.0,346
317,1696243522262,-0.9550781,0.17578125,0.94921875,-40.03125,144.4375,33.78125,0.0,0.0,0.0,347
318,1696243522302,-0.36914062,-0.75097656,0.17089844,-56.9375,79.125,32.625,0.0,0.0,0.0,348
319,1696243522342,-0.22363281,-0.64746094,0.99902344,30.75,-58.34375,-46.5,0.0,0.0,0.0,349
320,1696243522382,-0.1796875,0.8203125,0.25683594,130.25,-149.9375,-22.1875,0.0,0.0,0.0,350
321,1696243522422,-2.0,0.037109375,0.046875,101.8125,-269.8125,4.21875,-97.9375,23.0,-70.5625,351
322,1696243522462,-2.0,0.72558594,0.5751953,-356.09375,-241.625,-12.3125,0.0,0.0,0.0,352
323,1696243522502,-2.0,-0.64941406,0.4580078,150.8125,-174.78125,-60.84375,0.0,0.0,0.0,353
324,1696243522542,-1.5957031,-0.50683594,-0.17382812,278.75,-155.375,-96.46875,0.0,0.0,0.0,354
325,1696243522582,-0.22949219,0.5839844,-0.32421875,219.3125,-130.46875,-54.125,0.0,0.0,0.0,355
326,1696243522622,0.55078125,0.8925781,-0.015625,59.4375,66.625,-10.59375,0.0,0.0,0.0,356
327,1696243522662,0.43652344,0.14941406,-0.8515625,-40.53125,117.28125,58.96875,0.0,0.0,0.0,357
328,1696243522702,-0.3798828,-0.2734375,1.1582031,-99.25,126.375,-1.03125,0.0,0.0,0.0,358
329,1696243522742,-1.1220703,-0.16308594,1.2666016,-100.71875,-166.375,-3.75,0.0,0.0,0.0,359
330,1696243522782,-2.0,2.0175781,1.9873047,-77.09375,-77.375,38.28125,0.0,0.0,0.0,360
331,1696243522822,1.7939453,0.8720703,-0.36328125,-193.1875,158.71875,-35.375,0.0,0.0,0.0,361
332,1696243522862,-1.3222656,0.6425781,-0.5595703,-255.5,175.0625,201.125,0.0,0.0,0.0,362
333,1696243522902,-1.3222656,-1.9824219,0.4970703,124.375,267.90625,-65.71875,-93.625,22.6875,-60.625,363
334,1696243522942,-0.9316406,1.0380859,0.79296875,-1.59375,173.3125,-12.125,0.0,0.0,0.0,364
335,1696243522982,-0.6796875,0.01171875,0.91308594,-34.375,134.59375,41.34375,0.0,0.0,0.0,365
336,1696243523022,-0.22070312,-1.1367188,-0.20996094,-18.125,58.375,6.75,0.0,0.0,0.0,366
337,1696243523062,-0.34375,0.25878906,0.4951172,73.25,-83.40625,-49.0,0.0,0.0,0.0,367
338,1696243523102,-0.5732422,0.5332031,0.1484375,141.53125,-170.4375,-3.15625,0.0,0.0,0.0,368
339,1696243523142,-2.0,0.32226562,0.02734375,-33.375,-274.03125,-38.125,0.0,0.0,0.0,369
340,1696243523182,-2.0,0.15136719,-0.16796875,-73.4375,-174.28125,-77.90625,0.0,0.0,0.0,370
341,1696243523222,-1.7275391,-0.47070312,0.24316406,66.09375,-162.5625,-36.53125,0.0,0.0,0.0,371
342,1696243523262,-1.1142578,-0.17578125,-0.09667969,242.84375,-118.875,-73.59375,0.0,0.0,0.0,372
343,1696243523302,0.3779297,0.5283203,0.08496094,112.5,-31.40625,-28.0625,0.0,0.0,0.0,373
344,1696243523342,0.79296875,0.13769531,-0.14160156,-23.1875,110.25,36.15625,0.0,0.0,0.0,374
345,1696243523382,0.017578125,-0.038085938,-0.39257812,-16.28125,215.53125,31.46875,0.0,0.0,0.0,375
346,1696243523422,-2.0,-0.36621094,1.9873047,-162.96875,-99.46875,-9.125,-93.0,24.0625,-55.25,376
347,1696243523462,2.0,-0.38964844,-2.0126953,-145.15625,29.875,-35.375,0.0,0.0,0.0,377
348,1696243523502,-2.0,-1.9824219,-2.0126953,283.3125,-40.75,83.15625,0.0,0.0,0.0,378
349,1696243523542,1.5927734,1.3173828,0.036132812,-119.4375,85.65625,-46.25,0.0,0.0,0.0,379
350,1696243523582,-2.0,0.8486328,-0.033203125,-169.4375,95.96875,365.875,0.0,0.0,0.0,380
351,1696243523622,-1.1015625,-1.4609375,0.23730469,106.4375,269.3125,2.9375,0.0,0.0,0.0,381
352,1696243523662,-1.0009766,1.0664062,1.1015625,-27.96875,166.28125,-10.96875,0.0,0.0,0.0,382
353,1696243523702,-0.5908203,-0.22265625,0.5888672,-97.03125,104.34375,43.84375,0.0,0.0,0.0,383
354,1696243523742,-0.25585938,-0.91308594,0.31835938,31.5,-4.5625,10.03125,0.0,0.0,0.0,384
355,1696243523782,-0.20605469,0.59277344,0.27539062,90.15625,-97.21875,-24.03125,0.0,0.0,0.0,385
356,1696243523822,-0.72753906,0.3251953,-0.06738281,129.5625,-176.5,28.9375,0.0,0.0,0.0,386
357,1696243523862,-2.0,-0.08691406,0.16601562,-59.03125,-263.46875,-20.84375,0.0,0.0,0.0,387
358,1696243523902,-2.0,-0.3779297,0.052734375,-135.625,-137.0625,-94.65625,-92.375,23.0,-58.25,388
359,1696243523942,-1.6992188,-0.37695312,0.17578125,99.25,-110.28125,-74.125,0.0,0.0,0.0,389
360,1696243523982,-0.90722656,0.03125,-0.051757812,224.0625,-81.21875,-93.0,0.0,0.0,0.0,390
361,1696243524022,0.46191406,0.65527344,-0.057617188,112.84375,-20.84375,-30.875,0.0,0.0,0.0,391
362,1696243524062,0.625,0.0068359375,-0.30273438,-11.84375,104.09375,49.65625,0.0,0.0,0.0,392
363,1696243524102,-0.19042969,0.16015625,-0.06933594,-10.3125,170.8125,27.3125,0.0,0.0,0.0,393
364,1696243524142,-2.0,-0.53125,1.9873047,-168.28125,-168.875,-31.71875,0.0,0.0,0.0,394
365,1696243524182,-1.1123047,0.22363281,-2.0126953,-135.6875,-35.25,-56.5625,0.0,0.0,0.0,395
366,1696243524222,-0.14453125,-0.46875,-1.6640625,113.09375,25.65625,9.90625,0.0,0.0,0.0,396
367,1696243524262,-1.2363281,0.83496094,0.7451172,-225.34375,159.6875,107.1875,0.0,0.0,0.0,397
368,1696243524302,-2.0,-1.5214844,0.33691406,15.3125,256.125,8.8125,0.0,0.0,0.0,398
369,1696243524342,-1.1748047,0.40820312,0.47460938,12.21875,200.28125,-20.90625,0.0,0.0,0.0,399
370,1696243524382,-0.85546875,0.4404297,0.87109375,-39.3125,136.5,22.59375,0.0,0.0,0.0,400
371,1696243524422,-0.45996094,-0.6816406,0.06542969,-73.78125,86.875,18.8125,-95.375,21.625,-74.4375,401
372,1696243524462,-0.3076172,-0.38183594,0.9970703,-20.8125,-58.21875,-46.125,0.0,0.0,0.0,402
373,1696243524502,-0.12207031,0.42285156,0.2705078,98.75,-136.34375,-25.625,0.0,0.0,0.0,403
374,1696243524542,-1.6113281,0.28222656,0.07128906,103.8125,-243.6875,23.6875,0.0,0.0,0.0,404
375,1696243524582,-2.0,0.6591797,0.234375,-207.59375,-248.40625,-30.5,0.0,0.0,0.0,405
376,1696243524622,-1.9140625,-0.4873047,0.4345703,18.96875,-148.53125,-127.78125,0.0,0.0,0.0,406
377,1696243524662,-1.2509766,-0.37402344,-0.01953125,249.875,-127.65625,-48.75,0.0,0.0,0.0,407
378,1696243524702,-0.36914062,0.38867188,-0.15917969,206.0,-89.625,-48.375,0.0,0.0,0.0,408
379,1696243524742,0.6220703,0.75390625,0.15527344,9.53125,68.1875,-5.28125,0.0,0.0,0.0,409
380,1696243524782,0.2548828,-0.103515625,-0.4921875,-81.65625,218.84375,65.6875,0.0,0.0,0.0,410
381,1696243524822,-1.9716797,-0.7783203,1.5214844,16.90625,30.34375,16.0625,0.0,0.0,0.0,411
382,1696243524862,0.13574219,0.28515625,-2.0126953,-114.6875,-140.40625,-54.71875,0.0,0.0,0.0,412
383,1696243524902,-2.0,-0.06640625,1.9873047,304.03125,-39.40625,127.53125,-87.75,18.625,-54.375,413
384,1696243524942,-0.11621094,0.21875,0.048828125,-213.9375,111.84375,45.0625,0.0,0.0,0.0,414
385,1696243524982,-2.0,0.55078125,-0.5839844,-73.59375,194.125,215.09375,0.0,0.0,0.0,415
386,1696243525022,-1.1826172,-0.5595703,0.47753906,59.3125,222.5,-27.3125,0.0,0.0,0.0,416
387,1696243525062,-1.0166016,0.48535156,0.7080078,-29.25,171.15625,6.78125,0.0,0.0,0.0,417
388,1696243525102,-0.55566406,-0.2109375,0.7792969,-31.96875,122.34375,33.96875,0.0,0.0,0.0,418
389,1696243525142,-0.31835938,-0.6357422,0.27246094,-0.125,32.25,-4.875,0.0,0.0,0.0,419
390,1696243525182,-0.2548828,0.30664062,0.19726562,55.0625,-87.9375,-43.5,0.0,0.0,0.0,420
391,1696243525222,-1.2578125,0.22753906,-0.32910156,115.0625,-199.9375,-9.75,0.0,0.0,0.0,421
392,1696243525262,-2.0,0.7441406,0.28710938,-124.8125,-234.65625,-28.3125,0.0,0.0,0.0,422
393,1696243525302,-2.0,0.35058594,-0.5888672,-80.25,-116.125,-42.46875,0.0,0.0,0.0,423
394,1696243525342,-1.7294922,-0.7871094,0.0625,106.09375,-155.375,-72.25,0.0,0.0,0.0,424
395,1696243525382,-0.82714844,0.08984375,-0.14355469,209.53125,-122.15625,-73.09375,0.0,0.0,0.0,425
396,1696243525422,0.37695312,0.45507812,-0.00390625,148.9375,-25.3125,-28.1875,-86.375,21.5,-50.0,426
397,1696243525462,0.6425781,0.34375,-0.25683594,-38.40625,110.625,37.3125,0.0,0.0,0.0,427
398,1696243525502,-0.06640625,-0.16796875,0.12109375,-69.9375,154.875,23.59375,0.0,0.0,0.0,428
399,1696243525542,-2.0,-0.5029297,1.9873047,-132.4375,-127.0625,1.5,0.0,0.0,0.0,429
400,1696243525582,-1.875,-0.0078125,-2.0126953,-61.65625,-134.9375,-35.5625,0.0,0.0,0.0,430
401,1696243525622,0.85253906,-0.15136719,-2.0126953,19.09375,71.75,37.75,0.0,0.0,0.0,431
402,1696243525662,-2.0,0.74902344,1.0957031,-234.375,101.53125,206.5625,0.0,0.0,0.0,432
403,1696243525702,-1.4794922,-1.2470703,0.38378906,26.1875,226.15625,-2.125,0.0,0.0,0.0,433
404,1696243525742,-1.0556641,0.5419922,0.5761719,64.9375,200.28125,-9.8125,0.0,0.0,0.0,434
405,1696243525782,-0.93359375,0.12792969,0.7519531,-71.90625,153.46875,13.375,0.0,0.0,0.0,435
406,1696243525822,-0.58984375,-0.64941406,0.19628906,-65.0625,53.4375,7.46875,0.0,0.0,0.0,436
407,1696243525862,-0.3076172,-0.076171875,0.7753906,2.6875,-91.65625,-42.28125,0.0,0.0,0.0,437
408,1696243525902,-0.4892578,0.29101562,-0.15527344,77.6875,-154.28125,-25.90625,-98.25,19.0625,-71.3125,438
409,1696243525942,-2.0,0.47070312,0.5917969,77.5,-259.0625,-22.6875,0.0,0.0,0.0,439
410,1696243525982,-2.0,0.30078125,-0.06542969,-264.78125,-194.4375,7.15625,0.0,0.0,0.0,440
411,1696243526022,-1.9931641,-0.8251953,0.37695312,42.1875,-162.9375,-92.625,0.0,0.0,0.0,441
412,1696243526062,-0.85546875,-0.12988281,-0.12207031,177.4375,-134.625,-79.6875,0.0,0.0,0.0,442
413,1696243526102,0.23828125,0.40039062,-0.064453125,166.25,-26.53125,-28.1875,0.0,0.0,0.0,443
414,1696243526142,0.734375,0.5341797,-0.31152344,-28.25,83.6875,33.59375,0.0,0.0,0.0,444
415,1696243526182,0.3935547,-0.2109375,-0.23632812,-45.90625,180.25,17.125,0.0,0.0,0.0,445
416,1696243526222,-2.0,-0.8642578,1.9873047,-48.78125,22.3125,-15.25,0.0,0.0,0.0,446
417,1696243526262,-2.0,0.9628906,-2.0126953,-145.3125,-1.875,-41.125,0.0,0.0,0.0,447
418,1696243526302,0.4013672,0.15429688,-1.5683594,110.21875,11.125,37.6875,0.0,0.0,0.0,448
419,1696243526342,-1.0175781,0.34765625,0.39160156,-258.4375,132.53125,107.0625,0.0,0.0,0.0,449
420,1696243526382,-2.0,-1.5595703,0.25683594,47.53125,243.78125,-12.75,0.0,0.0,0.0,450
421,1696243526422,-0.9863281,0.39941406,0.3046875,21.71875,208.53125,-0.03125,-97.375,16.25,-63.375,451
422,1696243526462,-1.1132812,0.013671875,1.0576172,-45.53125,138.5,45.0625,0.0,0.0,0.0,452
423,1696243526502,-0.5761719,-0.48242188,0.2861328,-68.71875,86.03125,26.875,0.0,0.0,0.0,453
424,1696243526542,-0.28515625,-0.64453125,1.0107422,-28.9375,-40.3125,-30.3125,0.0,0.0,0.0,454
425,1696243526582,-0.0048828125,0.5498047,0.21289062,111.75,-138.84375,-21.78125,0.0,0.0,0.0,455
426,1696243526622,-1.5878906,0.390625,0.017578125,99.78125,-241.1875,40.90625,0.0,0.0,0.0,456
427,1696243526662,-2.0,0.7714844,0.265625,-216.8125,-236.0625,-32.15625,0.0,0.0,0.0,457
428,1696243526702,-2.0,-0.28808594,0.39648438,65.96875,-160.25,-68.46875,0.0,0.0,0.0,458
429,1696243526742,-1.4453125,-0.57128906,0.0703125,241.46875,-148.90625,-39.84375,0.0,0.0,0.0,459
430,1696243526782,-0.5,0.49902344,-0.24707031,241.6875,-112.90625,-60.59375,0.0,0.0,0.0,460
431,1696243526822,0.76464844,0.7363281,0.13085938,60.0625,46.53125,-17.75,0.0,0.0,0.0,461
432,1696243526862,0.5126953,-0.10253906,-0.67871094,-43.03125,195.46875,49.9375,0.0,0.0,0.0,462
433,1696243526902,-0.95410156,-0.2607422,0.92871094,-113.09375,142.0,-1.8125,-91.375,22.6875,-52.5625,463
434,1696243526942,-1.4082031,0.072265625,0.6845703,-137.5,-207.6875,-26.65625,0.0,0.0,0.0,464
435,1696243526982,-2.0,2.0175781,1.9873047,143.1875,-4.375,79.65625,0.0,0.0,0.0,465
436,1696243527022,0.018554688,-0.3779297,-1.2041016,-214.46875,150.46875,53.84375,0.0,0.0,0.0,466
437,1696243527062,-2.0,0.35546875,-0.6035156,-107.375,201.1875,194.46875,0.0,0.0,0.0,467
438,1696243527102,-1.1142578,-0.43359375,0.50683594,18.625,218.53125,-50.8125,0.0,0.0,0.0,468
439,1696243527142,-1.1044922,0.41796875,0.7363281,-6.90625,172.125,9.96875,0.0,0.0,0.0,469
440,1696243527182,-0.7675781,-0.052734375,0.97753906,-22.15625,90.71875,32.4375,0.0,0.0,0.0,470
441,1696243527222,-0.4560547,-0.765625,0.043945312,-51.8125,-5.03125,3.0,0.0,0.0,0.0,471
442,1696243527262,-0.17773438,0.03515625,0.265625,77.9375,-101.71875,-39.34375,0.0,0.0,0.0,472
443,1696243527302,-0.5234375,0.39453125,0.11816406,160.59375,-174.90625,1.96875,0.0,0.0,0.0,473
444,1696243527342,-2.0,0.049804688,0.30273438,63.59375,-291.0,-33.5625,0.0,0.0,0.0,474
445,1696243527382,-2.0,0.07910156,-0.5058594,-158.25,-129.25,-79.5625,0.0,0.0,0.0,475
446,1696243527422,-1.7099609,-0.4814453,0.24316406,134.53125,-145.3125,-88.59375,-95.5625,14.4375,-51.6875,476
447,1696243527462,-0.90722656,0.032226562,-0.15332031,267.6875,-125.46875,-83.28125,0.0,0.0,0.0,477
448,1696243527502,0.32714844,0.66503906,-0.0078125,134.15625,-22.375,-48.4375,0.0,0.0,0.0,478
449,1696243527542,0.6972656,0.40820312,0.00390625,-55.53125,116.28125,23.59375,0.0,0.0,0.0,479
450,1696243527582,0.24902344,0.044921875,-0.40429688,-83.4375,201.6875,51.40625,0.0,0.0,0.0,480
451,1696243527622,-2.0,-0.7734375,1.9873047,-2.8125,-27.125,23.53125,0.0,0.0,0.0,481
452,1696243527662,-1.7802734,0.5253906,-2.0126953,-190.5,63.4375,-74.8125,0.0,0.0,0.0,482
453,1696243527702,0.10839844,-0.1171875,-1.1982422,240.78125,-0.71875,39.3125,0.0,0.0,0.0,483
454,1696243527742,-1.1123047,0.63183594,0.89746094,-272.40625,109.625,44.46875,0.0,0.0,0.0,484
455,1696243527782,-2.0,-1.1982422,0.25097656,-21.0625,228.40625,73.09375,0.0,0.0,0.0,485
456,1696243527822,-1.0537109,0.15234375,0.30273438,46.8125,209.875,-21.34375,0.0,0.0,0.0,486
457,1696243527862,-0.9140625,0.35058594,0.77441406,1.03125,157.4375,20.90625,0.0,0.0,0.0,487
458,1696243527902,-0.5361328,-0.2861328,0.39453125,-86.65625,128.1875,20.96875,-101.25,20.125,-71.625,488
459,1696243527942,-0.22753906,-0.8046875,0.8388672,2.5625,-21.09375,-20.78125,0.0,0.0,0.0,489
460,1696243527982,-0.091796875,0.69433594,0.061523438,120.65625,-124.625,-17.0625,0.0,0.0,0.0,490
461,1696243528022,-0.9511719,0.25097656,0.15039062,112.90625,-226.40625,35.59375,0.0,0.0,0.0,491
462,1696243528062,-2.0,-0.044921875,-0.03515625,-118.96875,-296.65625,-49.125,0.0,0.0,0.0,492
463,1696243528102,-1.9892578,-0.31640625,0.30859375,-32.09375,-161.34375,-159.9375,0.0,0.0,0.0,493
464,1696243528142,-1.375,-0.41015625,0.091796875,180.40625,-132.3125,-32.6875,0.0,0.0,0.0,494
465,1696243528182,-0.8095703,0.16796875,-0.07421875,222.46875,-74.6875,-53.6875,0.0,0.0,0.0,495
466,1696243528222,0.5810547,0.7402344,0.03515625,95.59375,-17.0625,-27.875,0.0,0.0,0.0,496
467,1696243528262,0.7529297,-0.047851562,-0.62109375,-61.28125,162.6875,55.875,0.0,0.0,0.0,497
468,1696243528302,-0.703125,0.02734375,0.2548828,-45.46875,166.46875,29.1875,0.0,0.0,0.0,498
469,1696243528342,-1.8710938,-0.13867188,1.9873047,-198.78125,-170.34375,-44.28125,0.0,0.0,0.0,499
470,1696243528382,0.75878906,0.9111328,-2.0126953,-185.5,205.34375,10.34375,0.0,0.0,0.0,500
471,1696243528422,-1.6259766,-1.9824219,-2.0126953,-227.46875,246.46875,-191.15625,-90.4375,17.4375,-54.5,501
472,1696243528462,0.35742188,0.90625,-1.0009766,-111.28125,189.46875,70.875,0.0,0.0,0.0,502
473,1696243528502,-2.0,-1.4755859,0.8183594,168.21875,154.0625,103.71875,0.0,0.0,0.0,503
474,1696243528542,-1.2998047,0.875,0.76464844,-57.875,189.59375,-47.90625,0.0,0.0,0.0,504
475,1696243528582,-0.72753906,0.4560547,1.1201172,-30.34375,123.5625,57.46875,0.0,0.0,0.0,505
476,1696243528622,-0.3203125,-1.0976562,-0.19628906,-77.46875,50.25,40.4375,0.0,0.0,0.0,506
477,1696243528662,-0.42089844,-0.35839844,0.6826172,17.6875,-73.40625,-55.65625,0.0,0.0,0.0,507
478,1696243528702,-0.022460938,0.7294922,0.43066406,150.21875,-158.0,-28.96875,0.0,0.0,0.0,508
479,1696243528742,-2.0,0.35253906,-0.076171875,58.71875,-246.375,55.6875,0.0,0.0,0.0,509
480,1696243528782,-2.0,0.028320312,-0.21777344,-197.75,-225.1875,7.40625,0.0,0.0,0.0,510
481,1696243528822,-1.7890625,-0.060546875,0.40820312,34.1875,-159.84375,-122.34375,0.0,0.0,0.0,511
482,1696243528862,-1.2744141,-0.453125,-0.044921875,280.9375,-121.25,-87.0,0.0,0.0,0.0,512
483,1696243528902,-0.18164062,0.66796875,-0.016601562,174.4375,-78.40625,-57.21875,-85.5,21.625,-47.625,513
484,1696243528942,0.84765625,0.546875,0.11816406,9.46875,76.0,-0.78125,0.0,0.0,0.0,514
485,1696243528982,0.32714844,-0.005859375,-0.6220703,-59.25,201.875,62.28125,0.0,0.0,0.0,515
486,1696243529022,-1.7285156,-0.44335938,1.8974609,-62.8125,55.125,0.5,0.0,0.0,0.0,516
487,1696243529062,-2.0,0.71191406,-2.0126953,-183.15625,33.46875,-15.46875,0.0,0.0,0.0,517
488,1696243529102,-0.48339844,0.203125,0.5185547,149.21875,106.15625,52.09375,0.0,0.0,0.0,518
489,1696243529142,-1.5117188,0.053710938,0.70410156,-310.0625,173.46875,96.03125,0.0,0.0,0.0,519
490,1696243529182,-2.0,-0.9560547,0.043945312,-0.65625,264.1875,8.125,0.0,0.0,0.0,520
491,1696243529222,-1.2333984,0.2265625,0.40820312,30.03125,184.03125,-4.96875,0.0,0.0,0.0,521
492,1696243529262,-0.8574219,0.2705078,0.7529297,-63.28125,130.34375,31.28125,0.0,0.0,0.0,522
493,1696243529302,-0.54589844,-0.5136719,0.35058594,-17.40625,64.28125,28.71875,0.0,0.0,0.0,523
494,1696243529342,-0.35839844,-0.69628906,0.62109375,-36.75,-22.375,-52.53125,0.0,0.0,0.0,524
495,1696243529382,-0.11621094,0.41796875,0.038085938,127.625,-110.15625,-46.25,0.0,0.0,0.0,525
496,1696243529422,-2.0,0.25683594,0.15527344,108.65625,-284.34375,-19.09375,-100.1875,18.625,-70.25,526
497,1696243529462,-2.0,1.1386719,0.7597656,-318.65625,-237.15625,8.9375,0.0,0.0,0.0,527
498,1696243529502,-2.0,-0.63964844,0.33789062,114.0625,-171.5,-107.21875,0.0,0.0,0.0,528
499,1696243529542,-1.3427734,-0.40722656,-0.14648438,211.0625,-141.15625,-65.53125,0.0,0.0,0.0,529
500,1696243529582,-0.095703125,0.390625,-0.08886719,199.59375,-85.625,-32.9375,0.0,0.0,0.0,530
501,1696243529622,0.47851562,0.7363281,-0.12890625,34.78125,57.5625,12.28125,0.0,0.0,0.0,531
502,1696243529662,0.69628906,0.021484375,-0.9824219,-52.0625,170.125,60.75,0.0,0.0,0.0,532
503,1696243529702,-1.1591797,-0.5595703,1.9052734,-58.46875,152.375,-7.65625,0.0,0.0,0.0,533
504,1696243529742,-0.51953125,0.09375,-0.9472656,-164.6875,-151.78125,-63.53125,0.0,0.0,0.0,534
505,1696243529782,-2.0,1.2539062,1.9873047,383.90625,-205.25,193.125,0.0,0.0,0.0,535
506,1696243529822,0.8105469,1.0371094,0.4453125,-226.625,109.53125,7.46875,0.0,0.0,0.0,536
507,1696243529862,-2.0,0.046875,-0.68066406,-179.125,148.9375,231.09375,0.0,0.0,0.0,537
508,1696243529902,-1.2285156,-1.0400391,0.4013672,99.84375,235.375,-22.25,-93.3125,15.625,-66.5,538
509,1696243529942,-1.0390625,0.8935547,0.9189453,-0.65625,155.125,29.5,0.0,0.0,0.0,539
510,1696243529982,-0.6953125,-0.15917969,1.0214844,-42.125,108.0625,49.8125,0.0,0.0,0.0,540
511,1696243530022,-0.4404297,-1.0888672,0.0703125,-55.71875,-8.71875,-4.3125,0.0,0.0,0.0,541
512,1696243530062,-0.2109375,0.10839844,0.20410156,163.75,-116.6875,-43.25,0.0,0.0,0.0,542
513,1696243530102,-1.3046875,0.46972656,0.140625,149.53125,-226.90625,-2.25,0.0,0.0,0.0,543
514,1696243530142,-2.0,0.9794922,0.39453125,-209.40625,-243.375,5.6875,0.0,0.0,0.0,544
515,1696243530182,-2.0,-0.5625,0.31054688,21.71875,-152.125,-106.71875,0.0,0.0,0.0,545
516,1696243530222,-1.3271484,-0.32226562,-0.026367188,183.03125,-115.8125,-73.03125,0.0,0.0,0.0,546
517,1696243530262,-0.09863281,0.36132812,-0.12597656,242.25,-104.40625,-35.25,0.0,0.0,0.0,547
518,1696243530302,0.6386719,0.7841797,-0.17773438,18.5625,54.65625,13.875,0.0,0.0,0.0,548
519,1696243530342,0.4736328,-0.20019531,-0.71777344,-71.84375,183.5625,51.78125,0.0,0.0,0.0,549
520,1696243530382,-1.5009766,-0.40722656,1.9873047,-59.3125,120.1875,-9.0625,0.0,0.0,0.0,550
521,1696243530422,-0.8564453,0.28320312,-2.0126953,-175.40625,-110.625,-40.3125,-82.375,16.25,-52.6875,551
522,1696243530462,-2.0,-0.92871094,1.3027344,255.6875,-109.125,126.125,0.0,0.0,0.0,552
523,1696243530502,0.021484375,0.10546875,-0.111328125,-156.5625,128.1875,87.3125,0.0,0.0,0.0,553
524,1696243530542,-2.0,0.3466797,-0.359375,-87.9375,215.0,183.25,0.0,0.0,0.0,554
525,1696243530582,-1.3388672,-0.1171875,0.40820312,14.84375,232.9375,-58.21875,0.0,0.0,0.0,555
526,1696243530622,-0.97265625,0.546875,0.875,-7.1875,166.71875,22.59375,0.0,0.0,0.0,556
527,1696243530662,-0.74316406,-0.12207031,0.8232422,-55.84375,98.03125,38.78125,0.0,0.0,0.0,557
528,1696243530702,-0.2626953,-1.0615234,0.08203125,-24.65625,23.65625,-11.15625,0.0,0.0,0.0,558
529,1696243530742,-0.27441406,0.39941406,0.15332031,137.28125,-101.59375,-49.34375,0.0,0.0,0.0,559
530,1696243530782,-1.5205078,0.4326172,-0.12597656,98.625,-212.25,-13.78125,0.0,0.0,0.0,560
531,1696243530822,-2.0,0.9980469,0.6376953,-235.21875,-246.5,-18.84375,0.0,0.0,0.0,561
532,1696243530862,-2.0,-0.4892578,0.10839844,79.21875,-144.4375,-65.09375,0.0,0.0,0.0,562
533,1696243530902,-1.5185547,-0.46875,-0.13378906,208.96875,-143.40625,-77.6875,-82.375,9.8125,-56.3125,563
534,1696243530942,-0.3779297,0.4267578,-0.26171875,264.09375,-122.46875,-57.09375,0.0,0.0,0.0,564
535,1696243530982,0.7109375,0.5722656,-0.001953125,70.3125,48.25,-0.96875,0.0,0.0,0.0,565
536,1696243531022,0.62109375,0.040039062,-0.71191406,-47.84375,166.34375,53.78125,0.0,0.0,0.0,566
537,1696243531062,-1.2207031,-0.50097656,1.2910156,-50.15625,115.4375,5.75,0.0,0.0,0.0,567
538,1696243531102,-1.2441406,0.2578125,0.7421875,-97.15625,-186.75,-29.09375,0.0,0.0,0.0,568
539,1696243531142,-2.0,2.0175781,1.9873047,214.21875,-63.21875,63.875,0.0,0.0,0.0,569
540,1696243531182,0.29589844,0.015625,-0.33007812,-305.3125,146.125,19.5625,0.0,0.0,0.0,570
541,1696243531222,-2.0,0.4453125,-0.39941406,-202.5625,185.5625,228.34375,0.0,0.0,0.0,571
542,1696243531262,-1.1542969,-1.2636719,0.296875,96.625,240.5625,-9.875,0.0,0.0,0.0,572
543,1696243531302,-1.0947266,0.7128906,0.6455078,-21.84375,184.40625,3.3125,0.0,0.0,0.0,573
544,1696243531342,-0.6640625,-0.06347656,0.9169922,-37.78125,119.15625,48.375,0.0,0.0,0.0,574
545,1696243531382,-0.359375,-1.1025391,-0.3310547,-10.0625,70.75,20.40625,0.0,0.0,0.0,575
546,1696243531422,-0.3828125,0.24316406,0.85253906,54.9375,-80.4375,-43.4375,-96.625,24.625,-74.875,576
547,1696243531462,-0.3203125,0.62890625,-0.037109375,168.46875,-181.125,2.15625,0.0,0.0,0.0,577
548,1696243531502,-2.0,-0.10839844,0.4189453,76.0625,-293.75,-27.875,0.0,0.0,0.0,578
549,1696243531542,-2.0,0.2685547,-0.06738281,-269.28125,-202.125,-31.90625,0.0,0.0,0.0,579
550,1696243531582,-1.9316406,-0.7236328,0.34960938,69.9375,-151.71875,-81.46875,0.0,0.0,0.0,580
551,1696243531622,-1.0605469,-0.171875,-0.2265625,243.71875,-99.90625,-106.96875,0.0,0.0,0.0,581
552,1696243531662,0.2763672,0.7441406,-0.26367188,181.75,-23.84375,-47.9375,0.0,0.0,0.0,582
553,1696243531702,0.8847656,0.5292969,-0.041992188,-41.625,108.40625,30.0,0.0,0.0,0.0,583
554,1696243531742,-0.028320312,-0.0107421875,-0.5488281,-42.96875,237.8125,56.40625,0.0,0.0,0.0,584
555,1696243531782,-2.0,-0.6767578,1.9873047,-75.75,-148.46875,9.96875,0.0,0.0,0.0,585
556,1696243531822,-0.90625,0.31054688,-2.0126953,-207.6875,29.1875,-123.03125,0.0,0.0,0.0,586
557,1696243531862,-0.18261719,-0.3310547,-1.8662109,79.34375,26.4375,37.8125,0.0,0.0,0.0,587
558,1696243531902,-1.8203125,0.58691406,0.94628906,-229.8125,142.90625,157.125,-91.1875,18.5,-55.5625,588
559,1696243531942,-2.0,-1.4306641,0.26464844,-15.8125,249.90625,8.3125,0.0,0.0,0.0,589
560,1696243531982,-1.2792969,0.19433594,0.45410156,5.375,191.71875,3.75,0.0,0.0,0.0,590
561,1696243532022,-0.9121094,0.15820312,1.0126953,-41.25,131.375,33.78125,0.0,0.0,0.0,591
562,1696243532062,-0.6035156,-0.6455078,0.33496094,-37.65625,60.9375,39.625,0.0,0.0,0.0,592
563,1696243532102,-0.2421875,-0.6816406,0.87402344,-12.15625,-51.0,-42.34375,0.0,0.0,0.0,593
564,1696243532142,-0.19140625,0.4267578,-0.13183594,139.71875,-145.84375,-29.46875,0.0,0.0,0.0,594
565,1696243532182,-2.0,0.25878906,0.5576172,181.40625,-287.46875,-20.78125,0.0,0.0,0.0,595
566,1696243532222,-2.0,0.77734375,0.33203125,-358.34375,-220.375,15.78125,0.0,0.0,0.0,596
567,1696243532262,-2.0,-1.1572266,0.4033203,106.25,-182.34375,-77.1875,0.0,0.0,0.0,597
568,1696243532302,-1.1738281,-0.16015625,-0.23339844,256.90625,-127.71875,-111.78125,0.0,0.0,0.0,598
569,1696243532342,0.17871094,0.54296875,-0.08496094,213.5,-63.21875,-51.6875,0.0,0.0,0.0,599
570,1696243532382,0.5332031,0.64453125,-0.111328125,-6.40625,65.6875,10.40625,0.0,0.0,0.0,600
571,1696243532422,0.31445312,-0.064453125,-0.41601562,-87.9375,166.84375,22.96875,-87.0,24.9375,-48.375,601
572,1696243532462,-1.6386719,-0.5878906,1.8740234,-96.375,38.40625,-1.9375,0.0,0.0,0.0,602
573,1696243532502,0.35351562,0.3466797,-2.0126953,-172.25,-54.84375,-21.84375,0.0,0.0,0.0,603
574,1696243532542,-2.0,-1.9824219,-2.0126953,160.65625,41.9375,-49.125,0.0,0.0,0.0,604
575,1696243532582,0.24707031,0.9736328,-0.103515625,-200.875,146.9375,38.34375,0.0,0.0,0.0,605
576,1696243532622,-2.0,-0.09765625,0.203125,74.28125,186.1875,250.21875,0.0,0.0,0.0,606
577,1696243532662,-1.4150391,0.06640625,0.296875,33.75,215.09375,-35.1875,0.0,0.0,0.0,607
578,1696243532702,-0.8964844,0.6015625,1.0371094,-15.625,154.25,32.0625,0.0,0.0,0.0,608
579,1696243532742,-0.6015625,-0.6982422,0.26757812,-66.46875,110.1875,32.625,0.0,0.0,0.0,609
580,1696243532782,-0.27148438,-0.6933594,1.3056641,-22.03125,-37.40625,-41.25,0.0,0.0,0.0,610
581,1696243532822,-0.0146484375,0.6904297,0.40722656,92.78125,-151.28125,-40.09375,0.0,0.0,0.0,611
582,1696243532862,-0.8935547,0.12792969,0.0126953125,169.3125,-237.84375,31.625,0.0,0.0,0.0,612
583,1696243532902,-2.0,-0.26953125,-0.2109375,-116.75,-294.71875,-37.8125,-96.125,24.5,-60.625,613
584,1696243532942,-2.0,0.080078125,0.25097656,-81.78125,-147.9375,-165.375,0.0,0.0,0.0,614
585,1696243532982,-1.2207031,-0.39746094,0.08886719,209.21875,-129.1875,-64.5,0.0,0.0,0.0,615
586,1696243533022,-0.8417969,0.24804688,0.0703125,241.21875,-85.5,-48.875,0.0,0.0,0.0,616
587,1696243533062,0.41308594,0.6777344,0.037109375,79.21875,31.03125,-25.5,0.0,0.0,0.0,617
588,1696243533102,0.7558594,-0.0009765625,-0.5810547,-40.84375,178.4375,62.09375,0.0,0.0,0.0,618
589,1696243533142,-0.6591797,0.09472656,0.5917969,-72.6875,164.09375,29.3125,0.0,0.0,0.0,619
590,1696243533182,-1.6953125,-0.1796875,1.8222656,-196.71875,-122.28125,-20.96875,0.0,0.0,0.0,620
591,1696243533222,0.83691406,0.19921875,-2.0126953,-181.40625,186.71875,-48.75,0.0,0.0,0.0,621
592,1696243533262,-1.3662109,-1.6464844,-2.0126953,43.59375,134.53125,-123.15625,0.0,0.0,0.0,622
593,1696243533302,0.21289062,1.2021484,-0.5732422,-159.71875,161.46875,84.96875,0.0,0.0,0.0,623
594,1696243533342,-2.0,-1.3349609,0.9638672,101.4375,152.5,134.0625,0.0,0.0,0.0,624
595,1696243533382,-1.3554688,0.61816406,0.42089844,-4.21875,199.0,-59.90625,0.0,0.0,0.0,625
596,1696243533422,-0.9814453,0.36621094,1.0615234,-41.75,138.6875,38.15625,-96.3125,24.0625,-69.625,626
597,1696243533462,-0.44335938,-0.78808594,0.11816406,-57.75,62.9375,37.125,0.0,0.0,0.0,627
598,1696243533502,-0.2529297,-0.59277344,0.9482422,22.34375,-70.21875,-43.5625,0.0,0.0,0.0,628
599,1696243533542,-0.17578125,0.6933594,0.18554688,183.96875,-163.90625,-24.28125,0.0,0.0,0.0,629
600,1696243533582,-2.0,0.44140625,0.28027344,133.71875,-306.625,40.5625,0.0,0.0,0.0,630
601,1696243533622,-2.0,0.70214844,0.2705078,-270.5,-266.15625,37.1875,0.0,0.0,0.0,631
602,1696243533662,-2.0,-0.5644531,0.43554688,-2.375,-151.21875,-68.71875,0.0,0.0,0.0,632
603,1696243533702,-1.1552734,-0.37597656,-0.12597656,196.28125,-122.15625,-77.0,0.0,0.0,0.0,633
604,1696243533742,0.49414062,0.3828125,-0.08203125,182.75,-60.78125,-36.0625,0.0,0.0,0.0,634
605,1696243533782,0.6855469,0.36914062,-0.0703125,13.5,88.15625,31.09375,0.0,0.0,0.0,635
606,1696243533822,0.359375,-0.16796875,-0.5722656,-40.84375,218.90625,31.21875,0.0,0.0,0.0,636
607,1696243533862,-2.0,-0.37597656,1.8554688,-68.59375,42.25,-17.625,0.0,0.0,0.0,637
608,1696243533902,0.33789062,0.19921875,-1.9228516,-68.90625,-153.53125,-46.78125,-87.125,17.75,-60.8125,638
609,1696243533942,-2.0,2.0175781,1.9873047,493.96875,-121.625,122.9375,0.0,0.0,0.0,639
610,1696243533982,0.3076172,1.2011719,1.3486328,-306.21875,79.71875,-48.0,0.0,0.0,0.0,640
611,1696243534022,-2.0,0.06738281,-0.5908203,-121.71875,176.96875,239.09375,0.0,0.0,0.0,641
612,1696243534062,-1.2431641,-1.4736328,0.3388672,66.84375,262.40625,-16.75,0.0,0.0,0.0,642
613,1696243534102,-0.796875,0.8027344,0.6699219,32.40625,168.125,20.46875,0.0,0.0,0.0,643
614,1696243534142,-0.578125,-0.12597656,0.734375,-57.0625,133.5,46.96875,0.0,0.0,0.0,644
615,1696243534182,-0.328125,-0.9736328,0.15429688,7.3125,50.9375,1.71875,0.0,0.0,0.0,645
616,1696243534222,-0.15917969,0.69433594,0.17675781,70.5625,-102.46875,-41.25,0.0,0.0,0.0,646
617,1696243534262,-0.44921875,0.359375,-0.06347656,163.09375,-193.15625,11.6875,0.0,0.0,0.0,647
618,1696243534302,-2.0,0.018554688,0.103515625,-48.53125,-275.5625,-15.84375,0.0,0.0,0.0,648
619,1696243534342,-2.0,-0.025390625,0.055664062,-99.25,-174.0625,-77.0625,0.0,0.0,0.0,649
620,1696243534382,-1.7431641,-0.31347656,0.23046875,84.84375,-155.25,-55.71875,0.0,0.0,0.0,650
621,1696243534422,-1.0859375,-0.21289062,0.0078125,258.375,-106.0,-101.90625,-87.4375,9.8125,-58.4375,651
622,1696243534462,0.50390625,0.6152344,-0.06933594,127.75,-25.125,-45.21875,0.0,0.0,0.0,652
623,1696243534502,0.69140625,0.061523438,-0.34765625,-6.15625,102.0625,42.1875,0.0,0.0,0.0,653
624,1696243534542,-0.14257812,0.111328125,0.013671875,-55.71875,195.53125,16.5625,0.0,0.0,0.0,654
625,1696243534582,-2.0,-0.3173828,1.9873047,-187.6875,-128.34375,-24.9375,0.0,0.0,0.0,655
626,1696243534622,-0.1484375,0.7919922,-2.0126953,-197.6875,23.15625,-28.90625,0.0,0.0,0.0,656
627,1696243534662,-0.77734375,-0.8203125,-1.6757812,108.59375,63.125,14.1875,0.0,0.0,0.0,657
628,1696243534702,-0.9013672,0.73535156,0.052734375,-217.34375,189.78125,74.71875,0.0,0.0,0.0,658
629,1696243534742,-2.0,-1.4863281,0.20605469,13.78125,265.78125,47.5,0.0,0.0,0.0,659
630,1696243534782,-1.3369141,0.6542969,0.6767578,27.34375,173.46875,-23.34375,0.0,0.0,0.0,660
631,1696243534822,-0.8330078,0.4580078,1.0224609,-26.125,131.625,42.375,0.0,0.0,0.0,661
632,1696243534862,-0.45214844,-0.91308594,0.14355469,-64.15625,84.75,39.3125,0.0,0.0,0.0,662
633,1696243534902,-0.33398438,-0.7792969,1.015625,-13.0,-36.96875,-47.09375,-98.875,13.6875,-79.5625,663
634,1696243534942,-0.0087890625,0.6855469,0.18066406,159.71875,-133.28125,-26.03125,0.0,0.0,0.0,664
635,1696243534982,-1.2275391,0.3251953,-0.07519531,153.125,-239.0625,33.90625,0.0,0.0,0.0,665
636,1696243535022,-2.0,0.6015625,0.27734375,-215.875,-257.3125,-39.15625,0.0,0.0,0.0,666
637,1696243535062,-2.0,-0.6230469,0.29882812,1.03125,-175.625,-139.6875,0.0,0.0,0.0,667
638,1696243535102,-1.4199219,-0.5029297,0.048828125,257.75,-167.875,-50.75,0.0,0.0,0.0,668
639,1696243535142,-0.48535156,0.35351562,-0.032226562,246.03125,-112.71875,-48.375,0.0,0.0,0.0,669
640,1696243535182,0.6972656,0.66308594,0.029296875,56.8125,31.40625,-8.78125,0.0,0.0,0.0,670
641,1696243535222,0.5390625,-0.09863281,-0.5888672,-46.5,168.40625,43.34375,0.0,0.0,0.0,671
642,1696243535262,-0.6699219,0.15722656,0.49316406,-123.40625,169.40625,0.4375,0.0,0.0,0.0,672
643,1696243535302,-1.8388672,-0.22363281,1.9873047,-145.3125,-218.65625,-25.25,0.0,0.0,0.0,673
644,1696243535342,-2.0,1.8535156,0.16210938,-129.03125,37.9375,53.375,0.0,0.0,0.0,674
645,1696243535382,1.0849609,-0.20996094,-0.90722656,-184.9375,91.625,-20.78125,0.0,0.0,0.0,675
646,1696243535422,-1.0869141,0.2529297,-0.63964844,-208.0625,207.65625,183.3125,-91.625,15.8125,-50.4375,676
647,1696243535462,-1.4277344,-1.8457031,0.38867188,149.21875,252.59375,-73.65625,0.0,0.0,0.0,677
648,1696243535502,-1.2324219,1.0117188,0.63378906,37.0625,188.25,-17.5625,0.0,0.0,0.0,678
649,1696243535542,-0.75683594,0.3515625,1.2089844,-20.75,133.6875,38.34375,0.0,0.0,0.0,679
650,1696243535582,-0.27929688,-0.9296875,-0.4091797,-76.21875,52.625,26.21875,0.0,0.0,0.0,680
651,1696243535622,-0.3388672,-0.17675781,0.9746094,-0.84375,-79.15625,-52.78125,0.0,0.0,0.0,681
652,1696243535662,-0.19433594,0.40820312,0.046875,120.84375,-149.9375,-25.4375,0.0,0.0,0.0,682
653,1696243535702,-2.0,0.045898438,0.33984375,75.4375,-294.09375,-17.625,0.0,0.0,0.0,683
654,1696243535742,-2.0,0.6953125,0.076171875,-310.0,-157.75,-23.78125,0.0,0.0,0.0,684
655,1696243535782,-1.9589844,-0.5654297,0.48339844,94.59375,-147.25,-111.0,0.0,0.0,0.0,685
656,1696243535822,-1.203125,-0.26757812,-0.064453125,241.53125,-96.28125,-96.59375,0.0,0.0,0.0,686
657,1696243535862,0.19433594,0.5019531,-0.09765625,162.53125,-45.5625,-57.78125,0.0,0.0,0.0,687
658,1696243535902,0.73828125,0.421875,-0.16894531,6.53125,97.0625,26.8125,-88.0625,20.875,-46.5625,688
659,1696243535942,0.0,0.16894531,-0.390625,-36.75,160.46875,49.59375,0.0,0.0,0.0,689
660,1696243535982,-1.9960938,-0.5800781,1.9873047,-87.28125,-42.21875,11.375,0.0,0.0,0.0,690
661,1696243536022,-0.4501953,0.2685547,-2.0126953,-215.46875,-79.875,-38.84375,0.0,0.0,0.0,691
662,1696243536062,-1.4560547,-1.0761719,-0.36914062,148.4375,13.25,47.03125,0.0,0.0,0.0,692
663,1696243536102,-0.9501953,0.27929688,0.609375,-225.53125,147.25,74.4375,0.0,0.0,0.0,693
664,1696243536142,-2.0,-0.859375,-0.19238281,37.0,249.15625,121.84375,0.0,0.0,0.0,694
665,1696243536182,-1.3007812,0.24023438,0.34960938,70.96875,212.65625,-20.78125,0.0,0.0,0.0,695
666,1696243536222,-0.9736328,0.6640625,1.1005859,-25.21875,160.1875,26.21875,0.0,0.0,0.0,696
667,1696243536262,-0.49609375,-0.50390625,0.4326172,-60.125,91.6875,51.96875,0.0,0.0,0.0,697
668,1696243536302,-0.24804688,-1.0439453,0.6640625,-1.53125,-23.96875,-15.40625,0.0,0.0,0.0,698
669,1696243536342,-0.09472656,0.4560547,0.06933594,115.1875,-113.125,-40.625,0.0,0.0,0.0,699
670,1696243536382,-0.87597656,0.4716797,-0.0087890625,130.25,-192.0625,21.8125,0.0,0.0,0.0,700
671,1696243536422,-2.0,0.4892578,0.2265625,-130.0,-283.125,-35.375,-99.875,22.5625,-65.125,701
672,1696243536462,-2.0,-0.28320312,-0.03515625,-11.90625,-161.96875,-42.59375,0.0,0.0,0.0,702
673,1696243536502,-1.7177734,-0.5019531,0.061523438,183.65625,-132.25,-89.46875,0.0,0.0,0.0,703
674,1696243536542,-0.6171875,0.083984375,-0.18652344,280.9375,-125.90625,-81.34375,0.0,0.0,0.0,704
675,1696243536582,0.41015625,0.94433594,0.024414062,72.5625,-5.71875,-38.8125,0.0,0.0,0.0,705
676,1696243536622,0.6669922,0.029296875,-0.6621094,-35.65625,107.125,52.4375,0.0,0.0,0.0,706
677,1696243536662,-0.234375,0.0048828125,0.4814453,-73.0,150.59375,30.59375,0.0,0.0,0.0,707
678,1696243536702,-1.4511719,0.03515625,1.9873047,-217.03125,-234.71875,-3.15625,0.0,0.0,0.0,708
679,1696243536742,-2.0,1.1044922,1.4980469,6.71875,-40.25,30.0,0.0,0.0,0.0,709
680,1696243536782,0.68847656,-0.15722656,-1.3486328,-153.1875,136.25,13.25,0.0,0.0,0.0,710
681,1696243536822,-2.0,0.6015625,-0.29785156,-159.53125,183.4375,276.9375,0.0,0.0,0.0,711
682,1696243536862,-1.2871094,-1.1181641,0.3828125,119.6875,267.15625,-28.90625,0.0,0.0,0.0,712
683,1696243536902,-1.0615234,0.96777344,0.78125,-42.1875,180.375,-22.25,-101.25,22.375,-68.125,713
684,1696243536942,-0.6074219,-0.026367188,0.75390625,-89.90625,110.96875,42.6875,0.0,0.0,0.0,714
685,1696243536982,-0.17773438,-1.2236328,-0.21679688,-25.15625,28.9375,6.0,0.0,0.0,0.0,715
686,1696243537022,-0.18359375,0.51953125,0.20214844,100.40625,-91.40625,-45.09375,0.0,0.0,0.0,716
687,1696243537062,-0.35253906,0.5732422,0.16113281,151.78125,-176.6875,16.375,0.0,0.0,0.0,717
688,1696243537102,-2.0,-0.15625,0.056640625,-53.84375,-287.28125,-11.28125,0.0,0.0,0.0,718
689,1696243537142,-2.0,0.35351562,-0.42773438,-199.71875,-131.75,-62.84375,0.0,0.0,0.0,719
690,1696243537182,-1.8730469,-0.69433594,0.18652344,80.625,-127.59375,-115.8125,0.0,0.0,0.0,720
691,1696243537222,-0.82421875,-0.11425781,-0.13964844,292.53125,-115.46875,-107.59375,0.0,0.0,0.0,721
692,1696243537262,0.3330078,0.9667969,-0.18847656,121.65625,-22.375,-61.375,0.0,0.0,0.0,722
693,1696243537302,0.875,0.22265625,-0.7470703,-36.25,114.34375,38.90625,0.0,0.0,0.0,723
694,1696243537342,-0.21386719,-0.043945312,0.3515625,-81.53125,145.53125,31.40625,0.0,0.0,0.0,724
695,1696243537382,-1.8759766,-0.5,1.9873047,-175.15625,-161.71875,-13.96875,0.0,0.0,0.0,725
696,1696243537422,-0.18652344,0.7548828,-2.0126953,-198.375,46.84375,-57.28125,-92.25,18.1875,-52.4375,726
697,1696243537462,-0.734375,-0.546875,-1.4667969,58.34375,86.5625,-4.75,0.0,0.0,0.0,727
698,1696243537502,-0.76171875,0.87402344,-0.2578125,-214.59375,231.09375,112.875,0.0,0.0,0.0,728
699,1696243537542,-2.0,-1.9824219,0.23339844,126.71875,257.03125,1.375,0.0,0.0,0.0,729
700,1696243537582,-1.1982422,1.2021484,0.66503906,30.53125,202.46875,-36.0,0.0,0.0,0.0,730
701,1696243537622,-0.71191406,0.26660156,0.82910156,-94.53125,144.84375,31.625,0.0,0.0,0.0,731
702,1696243537662,-0.24804688,-1.1171875,-0.15820312,-11.78125,77.21875,22.40625,0.0,0.0,0.0,732
703,1696243537702,-0.19433594,0.26953125,0.5214844,30.46875,-57.34375,-32.5,0.0,0.0,0.0,733
704,1696243537742,-0.3955078,0.453125,-0.20703125,144.09375,-155.6875,0.4375,0.0,0.0,0.0,734
705,1696243537782,-2.0,0.19140625,0.203125,64.6875,-261.09375,-19.21875,0.0,0.0,0.0,735
706,1696243537822,-2.0,-0.064453125,0.22851562,-172.25,-218.3125,-42.34375,0.0,0.0,0.0,736
707,1696243537862,-2.0,-0.25390625,-0.01953125,-41.9375,-115.53125,-87.0,0.0,0.0,0.0,737
708,1696243537902,-1.1103516,-0.07324219,-0.20996094,223.9375,-106.4375,-36.28125,-91.9375,14.4375,-53.4375,738
709,1696243537942,0.07421875,0.2763672,-0.119140625,176.21875,-57.21875,-22.3125,0.0,0.0,0.0,739
710,1696243537982,0.67578125,0.36523438,0.016601562,-1.40625,61.53125,38.84375,0.0,0.0,0.0,740
711,1696243538022,0.1796875,0.037109375,-0.421875,-38.75,173.0625,43.78125,0.0,0.0,0.0,741
712,1696243538062,-2.0,-0.69140625,1.9873047,-86.65625,-90.875,-10.65625,0.0,0.0,0.0,742
713,1696243538102,1.6425781,-0.3876953,-2.0126953,-150.4375,-23.0,-25.0,0.0,0.0,0.0,743
714,1696243538142,-2.0,-1.5566406,-1.0322266,562.75,-153.84375,189.03125,0.0,0.0,0.0,744
715,1696243538182,0.6621094,0.77246094,0.4423828,-242.1875,121.0625,0.8125,0.0,0.0,0.0,745
716,1696243538222,-2.0,0.5175781,-0.46484375,-117.625,155.71875,286.59375,0.0,0.0,0.0,746
717,1696243538262,-1.2675781,-0.53222656,0.2685547,87.40625,216.5,-7.96875,0.0,0.0,0.0,747
718,1696243538302,-1.0498047,0.88671875,0.8261719,-22.28125,159.125,19.1875,0.0,0.0,0.0,748
719,1696243538342,-0.6923828,-0.4453125,0.78515625,-82.875,99.375,50.3125,0.0,0.0,0.0,749
720,1696243538382,-0.14257812,-1.1416016,-0.1015625,-16.78125,31.34375,-10.90625,0.0,0.0,0.0,750
721,1696243538422,-0.22851562,0.6171875,0.0859375,118.28125,-103.125,-47.71875,-100.375,21.8125,-78.1875,751
722,1696243538462,-0.7705078,0.4580078,-0.099609375,158.1875,-182.46875,17.53125,0.0,0.0,0.0,752
723,1696243538502,-2.0,0.13964844,0.030273438,-94.71875,-264.03125,-26.09375,0.0,0.0,0.0,753
724,1696243538542,-2.0,-0.3544922,-0.05859375,-57.5,-135.1875,-76.8125,0.0,0.0,0.0,754
725,1696243538582,-1.7304688,-0.3623047,-0.09863281,123.65625,-140.59375,-69.1875,0.0,0.0,0.0,755
726,1696243538622,-0.81152344,0.14355469,-0.16503906,302.96875,-127.0,-63.46875,0.0,0.0,0.0,756
727,1696243538662,0.55078125,0.90234375,0.107421875,117.75,-31.28125,-25.375,0.0,0.0,0.0,757
728,1696243538702,0.53222656,-0.08300781,-0.8466797,-16.71875,130.15625,69.78125,0.0,0.0,0.0,758
729,1696243538742,-0.34960938,0.043945312,0.8251953,-132.25,103.90625,5.21875,0.0,0.0,0.0,759
730,1696243538782,-0.96777344,-0.3544922,0.98828125,-206.96875,-136.15625,-18.15625,0.0,0.0,0.0,760
731,1696243538822,-1.5400391,1.8779297,-0.013671875,-165.53125,28.59375,22.40625,0.0,0.0,0.0,761
732,1696243538862,0.671875,-0.18554688,-0.3330078,-164.625,126.96875,-40.75,0.0,0.0,0.0,762
733,1696243538902,-0.7294922,0.171875,-0.79589844,-177.5,213.53125,158.90625,-85.625,12.625,-55.5625,763
734,1696243538942,-1.3457031,-1.9824219,0.28808594,242.6875,252.34375,-18.96875,0.0,0.0,0.0,764
735,1696243538982,-1.1914062,1.2402344,0.49023438,7.9375,200.28125,-50.5625,0.0,0.0,0.0,765
736,1696243539022,-0.79003906,0.1640625,0.91796875,-99.78125,142.34375,36.40625,0.0,0.0,0.0,766
737,1696243539062,-0.21875,-1.0830078,-0.2548828,-41.0625,45.6875,22.59375,0.0,0.0,0.0,767
738,1696243539102,-0.3330078,0.14355469,0.42578125,60.0,-85.3125,-57.84375,0.0,0.0,0.0,768
739,1696243539142,-0.53125,0.43652344,-0.11035156,161.375,-168.1875,-20.375,0.0,0.0,0.0,769
740,1696243539182,-2.0,0.24902344,0.3564453,43.09375,-273.84375,-36.28125,0.0,0.0,0.0,770
741,1696243539222,-2.0,0.37890625,-0.18359375,-233.53125,-203.90625,-31.28125,0.0,0.0,0.0,771
742,1696243539262,-2.0,-1.0605469,0.13183594,77.15625,-176.4375,-116.5625,0.0,0.0,0.0,772
743,1696243539302,-0.9033203,-0.16699219,-0.32617188,321.03125,-170.9375,-93.1875,0.0,0.0,0.0,773
744,1696243539342,0.4580078,0.8730469,-0.00390625,172.0625,-43.25,-26.46875,0.0,0.0,0.0,774
745,1696243539382,0.78808594,0.005859375,-0.6455078,27.40625,100.0,43.21875,0.0,0.0,0.0,775
746,1696243539422,0.030273438,0.09765625,0.08300781,-141.59375,170.4375,11.5625,-88.1875,26.125,-50.0,776
747,1696243539462,-1.7919922,-0.23339844,1.9873047,-179.4375,-102.875,1.4375,0.0,0.0,0.0,777
748,1696243539502,0.7919922,0.4326172,-2.0126953,-192.0625,111.65625,-7.0625,0.0,0.0,0.0,778
749,1696243539542,-1.8056641,-1.9824219,-2.0126953,22.71875,123.875,-140.96875,0.0,0.0,0.0,779
750,1696243539582,0.3671875,1.0449219,-0.39941406,-123.21875,99.8125,25.53125,0.0,0.0,0.0,780
751,1696243539622,-2.0,0.052734375,0.4248047,25.15625,156.34375,304.78125,0.0,0.0,0.0,781
752,1696243539662,-1.375,-0.14746094,0.103515625,24.78125,211.375,-21.90625,0.0,0.0,0.0,782
753,1696243539702,-1.1113281,0.72558594,1.3037109,18.0625,142.71875,31.03125,0.0,0.0,0.0,783
754,1696243539742,-0.4638672,-0.3623047,0.4921875,-42.0625,111.96875,42.8125,0.0,0.0,0.0,784
755,1696243539782,-0.21484375,-1.328125,0.4658203,12.34375,10.03125,-23.28125,0.0,0.0,0.0,785
756,1696243539822,-0.22753906,0.703125,0.15625,166.1875,-115.21875,-51.90625,0.0,0.0,0.0,786
757,1696243539862,-0.90234375,0.7050781,0.017578125,147.09375,-211.90625,32.625,0.0,0.0,0.0,787
758,1696243539902,-2.0,0.033203125,0.18164062,-133.59375,-322.1875,-35.8125,-97.0625,22.5625,-65.4375,788
759,1696243539942,-2.0,-0.15625,0.11425781,3.40625,-164.34375,-145.84375,0.0,0.0,0.0,789
